"Client-0","Arrived","Car-4","Luebeck - Altstadt","Holstenbruecke","Rehderbruecke","1580774910541","1580774924339","1580774956338"
"Client-1","Arrived","Car-4","Luebeck - Altstadt","Museum","Burgtorbruecke","1580774910486","1580774940520","1580774974972"
"Client-10","Arrived","Car-4","Luebeck - Altstadt","Holstenbruecke","Museum","1580774912323","1580774924295","1580774940551"
"Client-100","Arrived","Car-19","Luebeck - Altstadt","Museum","Clemensstrasse","1580774948380","1580775183692","1580775233014"
"Client-101","Arrived","Car-6","Hamburg - Grosse Runde","Strand-Pauli","Mundsburg","1580774948440","1580774954043","1580775016570"
"Client-102","Arrived","Car-15","Luebeck - Altstadt","Burgtorbruecke","Holstenbruecke","1580774950772","1580775188562","1580775221432"
"Client-103","Arrived","Car-23","Luebeck - Altstadt","Museum","Rehderbruecke","1580774950845","1580775184657","1580775200379"
"Client-104","Arrived","Car-2","Luebeck - Altstadt","Holstenbruecke","Rehderbruecke","1580774950747","1580775016503","1580775049531"
"Client-105","Seated","Car-24","Luebeck - Altstadt","Holstenbruecke","Clemensstrasse","1580774950763","1580775227091","0"
"Client-106","Arrived","Car-3","Luebeck - Altstadt","Holstenbruecke","Rehderbruecke","1580774950663","1580774974099","1580775007232"
"Client-107","Arrived","Car-13","Hamburg - Grosse Runde","Hamburg-Hauptbahnhof","Mundsburg","1580774950734","1580774958392","1580774980178"
"Client-108","Requested","null","Luebeck - Altstadt","Rehderbruecke","Museum","1580774953160","0","0"
"Client-109","Arrived","Car-1","Luebeck - Altstadt","Rehderbruecke","Burgtorbruecke","1580774953218","1580774982713","1580775000640"
"Client-11","Arrived","Car-6","Hamburg - Grosse Runde","Planetarium Hamburg","Strand-Pauli","1580774912361","1580774919247","1580774954068"
"Client-110","Requested","null","Luebeck - Altstadt","Holstenbruecke","Clemensstrasse","1580774953230","0","0"
"Client-111","Arrived","Car-3","Luebeck - Altstadt","Clemensstrasse","Museum","1580774953058","1580774958444","1580774990785"
"Client-112","Arrived","Car-3","Luebeck - Altstadt","Holstenbruecke","Rehderbruecke","1580774953187","1580775057538","1580775089988"
"Client-113","Arrived","Car-14","Hamburg - Grosse Runde","Planetarium Hamburg","Hamburg-Hauptbahnhof","1580774953268","1580774960208","1580775037192"
"Client-114","Seated","Car-5","Luebeck - Altstadt","Holstenbruecke","Rehderbruecke","1580774955595","1580775242441","0"
"Client-115","Arrived","Car-3","Luebeck - Altstadt","Museum","Holstenbruecke","1580774955486","1580774990739","1580775057589"
"Client-116","Arrived","Car-0","Luebeck - Altstadt","Burgtorbruecke","Museum","1580774955587","1580775181643","1580775232375"
"Client-117","Requested","null","Luebeck - Altstadt","Clemensstrasse","Museum","1580774955543","0","0"
"Client-118","Requested","null","Luebeck - Altstadt","Clemensstrasse","Burgtorbruecke","1580774955643","0","0"
"Client-119","Arrived","Car-11","Hamburg - Grosse Runde","Mundsburg","Dammtor","1580774955555","1580774963658","1580775043414"
"Client-12","Arrived","Car-1","Luebeck - Altstadt","Clemensstrasse","Holstenbruecke","1580774914855","1580774935300","1580774950948"
"Client-120","Arrived","Car-1","Luebeck - Altstadt","Holstenbruecke","Clemensstrasse","1580774958000","1580775033732","1580775101766"
"Client-121","Requested","null","Luebeck - Altstadt","Rehderbruecke","Clemensstrasse","1580774958048","0","0"
"Client-122","Arrived","Car-2","Luebeck - Altstadt","Rehderbruecke","Clemensstrasse","1580774957973","1580774966446","1580775001636"
"Client-123","Arrived","Car-1","Luebeck - Altstadt","Clemensstrasse","Holstenbruecke","1580774957985","1580775017941","1580775033838"
"Client-124","Seated","Car-15","Luebeck - Altstadt","Holstenbruecke","Rehderbruecke","1580774957863","1580775221378","0"
"Client-125","Arrived","Car-18","Hamburg - Grosse Runde","Dammtor","Mundsburg","1580774958032","1580774968287","1580775009158"
"Client-126","Requested","null","Luebeck - Altstadt","Rehderbruecke","Museum","1580774960397","0","0"
"Client-127","Requested","null","Luebeck - Altstadt","Rehderbruecke","Holstenbruecke","1580774960270","0","0"
"Client-128","Arrived","Car-0","Luebeck - Altstadt","Holstenbruecke","Museum","1580774960376","1580774965917","1580774982178"
"Client-129","Arrived","Car-0","Luebeck - Altstadt","Holstenbruecke","Clemensstrasse","1580774960432","1580774965899","1580775032746"
"Client-13","Arrived","Car-4","Luebeck - Altstadt","Holstenbruecke","Burgtorbruecke","1580774914762","1580774924395","1580774975000"
"Client-130","Arrived","Car-2","Luebeck - Altstadt","Clemensstrasse","Holstenbruecke","1580774960384","1580775001538","1580775016540"
"Client-131","Arrived","Car-13","Hamburg - Grosse Runde","Mundsburg","Planetarium Hamburg","1580774960444","1580774980138","1580775003886"
"Client-132","Arrived","Car-4","Luebeck - Altstadt","Burgtorbruecke","Clemensstrasse","1580774962759","1580774974879","1580774991719"
"Client-133","Arrived","Car-1","Luebeck - Altstadt","Clemensstrasse","Rehderbruecke","1580774962821","1580775017958","1580775066945"
"Client-134","Arrived","Car-3","Luebeck - Altstadt","Burgtorbruecke","Clemensstrasse","1580774962635","1580775025413","1580775042464"
"Client-135","Arrived","Car-3","Luebeck - Altstadt","Rehderbruecke","Holstenbruecke","1580774962790","1580775089947","1580775140413"
"Client-136","Arrived","Car-2","Luebeck - Altstadt","Burgtorbruecke","Clemensstrasse","1580774962777","1580774984658","1580775001617"
"Client-137","Arrived","Car-18","Hamburg - Grosse Runde","Dammtor","Hamburg-Hauptbahnhof","1580774962745","1580774968275","1580774986792"
"Client-138","Arrived","Car-4","Luebeck - Altstadt","Burgtorbruecke","Rehderbruecke","1580774965212","1580774974917","1580775039859"
"Client-139","Arrived","Car-1","Luebeck - Altstadt","Clemensstrasse","Museum","1580774965183","1580775017901","1580775049884"
"Client-14","Arrived","Car-0","Luebeck - Altstadt","Burgtorbruecke","Rehderbruecke","1580774914884","1580774933304","1580774998752"
"Client-140","Arrived","Car-2","Luebeck - Altstadt","Burgtorbruecke","Holstenbruecke","1580774965204","1580774984647","1580775016581"
"Client-141","Arrived","Car-3","Luebeck - Altstadt","Museum","Burgtorbruecke","1580774965175","1580774990723","1580775025461"
"Client-142","Arrived","Car-2","Luebeck - Altstadt","Clemensstrasse","Burgtorbruecke","1580774965089","1580775001513","1580775067556"
"Client-143","Arrived","Car-16","Hamburg - Grosse Runde","Planetarium Hamburg","Hamburg-Hauptbahnhof","1580774965266","1580774981848","1580775057492"
"Client-144","Arrived","Car-4","Luebeck - Altstadt","Holstenbruecke","Clemensstrasse","1580774967606","1580775007164","1580775074116"
"Client-145","Arrived","Car-1","Luebeck - Altstadt","Burgtorbruecke","Holstenbruecke","1580774967603","1580775000604","1580775033970"
"Client-146","Arrived","Car-4","Luebeck - Altstadt","Burgtorbruecke","Museum","1580774967573","1580774974936","1580775023616"
"Client-147","Arrived","Car-4","Luebeck - Altstadt","Clemensstrasse","Rehderbruecke","1580774967495","1580774991705","1580775039959"
"Client-148","Arrived","Car-0","Luebeck - Altstadt","Clemensstrasse","Rehderbruecke","1580774967592","1580775114532","1580775162828"
"Client-149","Arrived","Car-6","Hamburg - Grosse Runde","Dammtor","Strand-Pauli","1580774967643","1580774976359","1580775075084"
"Client-15","Arrived","Car-3","Luebeck - Altstadt","Rehderbruecke","Museum","1580774914823","1580774923301","1580774990773"
"Client-150","Arrived","Car-5","Luebeck - Altstadt","Rehderbruecke","Holstenbruecke","1580774970104","1580775191890","1580775242467"
"Client-151","Arrived","Car-1","Luebeck - Altstadt","Burgtorbruecke","Museum","1580774970034","1580775000612","1580775049876"
"Client-152","Requested","null","Luebeck - Altstadt","Clemensstrasse","Holstenbruecke","1580774970081","0","0"
"Client-153","Arrived","Car-2","Luebeck - Altstadt","Burgtorbruecke","Clemensstrasse","1580774969886","1580775067497","1580775083584"
"Client-154","Arrived","Car-2","Luebeck - Altstadt","Burgtorbruecke","Holstenbruecke","1580774969985","1580774984637","1580775016560"
"Client-155","Arrived","Car-13","Hamburg - Grosse Runde","Mundsburg","Planetarium Hamburg","1580774970058","1580774980163","1580775003871"
"Client-156","Arrived","Car-0","Luebeck - Altstadt","Rehderbruecke","Museum","1580774972444","1580775162751","1580775232364"
"Client-157","Arrived","Car-4","Luebeck - Altstadt","Clemensstrasse","Holstenbruecke","1580774972370","1580774991685","1580775007252"
"Client-158","Arrived","Car-2","Luebeck - Altstadt","Museum","Holstenbruecke","1580774972463","1580775033043","1580775099388"
"Client-159","Requested","null","Luebeck - Altstadt","Holstenbruecke","Museum","1580774972278","0","0"
"Client-16","Arrived","Car-1","Luebeck - Altstadt","Clemensstrasse","Museum","1580774914660","1580774935314","1580774966862"
"Client-160","Arrived","Car-3","Luebeck - Altstadt","Museum","Burgtorbruecke","1580774972392","1580774990711","1580775025425"
"Client-161","Arrived","Car-16","Hamburg - Grosse Runde","Planetarium Hamburg","Mundsburg","1580774972409","1580774981861","1580775079675"
"Client-162","Requested","null","Luebeck - Altstadt","Burgtorbruecke","Clemensstrasse","1580774974887","0","0"
"Client-163","Arrived","Car-2","Luebeck - Altstadt","Burgtorbruecke","Clemensstrasse","1580774974805","1580774984622","1580775001605"
"Client-164","Arrived","Car-0","Luebeck - Altstadt","Museum","Burgtorbruecke","1580774974684","1580774982156","1580775016051"
"Client-165","Requested","null","Luebeck - Altstadt","Holstenbruecke","Museum","1580774974803","0","0"
"Client-166","Arrived","Car-4","Luebeck - Altstadt","Museum","Burgtorbruecke","1580774974789","1580775106631","1580775140217"
"Client-167","Arrived","Car-13","Hamburg - Grosse Runde","Mundsburg","Strand-Pauli","1580774974779","1580774980148","1580775038607"
"Client-168","Seated","Car-2","Luebeck - Altstadt","Burgtorbruecke","Rehderbruecke","1580774977080","1580775234692","0"
"Client-169","Requested","null","Luebeck - Altstadt","Rehderbruecke","Burgtorbruecke","1580774977249","0","0"
"Client-17","Arrived","Car-13","Hamburg - Grosse Runde","Strand-Pauli","Dammtor","1580774914768","1580774925238","1580774947245"
"Client-170","Arrived","Car-5","Luebeck - Altstadt","Rehderbruecke","Burgtorbruecke","1580774977278","1580775191902","1580775209913"
"Client-171","Requested","null","Luebeck - Altstadt","Clemensstrasse","Holstenbruecke","1580774977228","0","0"
"Client-172","Requested","null","Luebeck - Altstadt","Rehderbruecke","Clemensstrasse","1580774977239","0","0"
"Client-173","Arrived","Car-8","Hamburg - Grosse Runde","Dammtor","Hamburg-Hauptbahnhof","1580774977216","1580774986226","1580775004796"
"Client-174","Arrived","Car-3","Luebeck - Altstadt","Burgtorbruecke","Museum","1580774979661","1580775025379","1580775074362"
"Client-175","Arrived","Car-0","Luebeck - Altstadt","Holstenbruecke","Burgtorbruecke","1580774979601","1580775129867","1580775181698"
"Client-176","Requested","null","Luebeck - Altstadt","Rehderbruecke","Museum","1580774979729","0","0"
"Client-177","Arrived","Car-1","Luebeck - Altstadt","Museum","Burgtorbruecke","1580774979614","1580775134150","1580775169354"
"Client-178","Seated","Car-3","Luebeck - Altstadt","Clemensstrasse","Rehderbruecke","1580774979705","1580775208679","0"
"Client-179","Arrived","Car-22","Hamburg - Grosse Runde","Strand-Pauli","Hamburg-Hauptbahnhof","1580774979490","1580774988289","1580775029402"
"Client-18","Arrived","Car-4","Luebeck - Altstadt","Museum","Rehderbruecke","1580774917215","1580774940542","1580774956354"
"Client-180","Requested","null","Luebeck - Altstadt","Clemensstrasse","Rehderbruecke","1580774982048","0","0"
"Client-181","Requested","null","Luebeck - Altstadt","Holstenbruecke","Rehderbruecke","1580774981822","0","0"
"Client-182","Arrived","Car-1","Luebeck - Altstadt","Holstenbruecke","Burgtorbruecke","1580774981985","1580775033599","1580775084639"
"Client-183","Arrived","Car-2","Luebeck - Altstadt","Clemensstrasse","Museum","1580774982027","1580775001521","1580775033496"
"Client-184","Arrived","Car-0","Luebeck - Altstadt","Burgtorbruecke","Museum","1580774981997","1580775016010","1580775063468"
"Client-185","Arrived","Car-22","Hamburg - Grosse Runde","Strand-Pauli","Mundsburg","1580774981942","1580774988276","1580775050810"
"Client-186","Arrived","Car-0","Luebeck - Altstadt","Burgtorbruecke","Museum","1580774984380","1580775016000","1580775063481"
"Client-187","Requested","null","Luebeck - Altstadt","Clemensstrasse","Burgtorbruecke","1580774984365","0","0"
"Client-188","Arrived","Car-0","Luebeck - Altstadt","Rehderbruecke","Burgtorbruecke","1580774984257","1580775162762","1580775181669"
"Client-189","Arrived","Car-4","Luebeck - Altstadt","Clemensstrasse","Burgtorbruecke","1580774984422","1580775074081","1580775140167"
"Client-19","Arrived","Car-12","Luebeck - Altstadt","Museum","Holstenbruecke","1580774917134","1580775160828","1580775228220"
"Client-190","Arrived","Car-3","Luebeck - Altstadt","Burgtorbruecke","Holstenbruecke","1580774984386","1580775108133","1580775140492"
"Client-191","Arrived","Car-18","Hamburg - Grosse Runde","Mundsburg","Hamburg-Hauptbahnhof","1580774984404","1580775009133","1580775109446"
"Client-192","Arrived","Car-4","Luebeck - Altstadt","Holstenbruecke","Rehderbruecke","1580774986772","1580775007213","1580775039907"
"Client-193","Arrived","Car-3","Luebeck - Altstadt","Rehderbruecke","Museum","1580774986921","1580775174010","1580775240805"
"Client-194","Seated","Car-15","Luebeck - Altstadt","Museum","Rehderbruecke","1580774986877","1580775237735","0"
"Client-195","Requested","null","Luebeck - Altstadt","Rehderbruecke","Museum","1580774986886","0","0"
"Client-196","Seated","Car-3","Luebeck - Altstadt","Holstenbruecke","Rehderbruecke","1580774986860","1580775224230","0"
"Client-197","Arrived","Car-6","Hamburg - Grosse Runde","Hamburg-Hauptbahnhof","Planetarium Hamburg","1580774986840","1580774994944","1580775040782"
"Client-198","Arrived","Car-2","Luebeck - Altstadt","Holstenbruecke","Museum","1580774989181","1580775016518","1580775033167"
"Client-199","Requested","null","Luebeck - Altstadt","Clemensstrasse","Burgtorbruecke","1580774989236","0","0"
"Client-2","Arrived","Car-4","Luebeck - Altstadt","Holstenbruecke","Museum","1580774910502","1580774924272","1580774940563"
"Client-20","Arrived","Car-3","Luebeck - Altstadt","Rehderbruecke","Clemensstrasse","1580774917055","1580774923272","1580774958501"
"Client-200","Arrived","Car-0","Luebeck - Altstadt","Rehderbruecke","Holstenbruecke","1580774989177","1580774998737","1580775047321"
"Client-201","Seated","Car-2","Luebeck - Altstadt","Burgtorbruecke","Holstenbruecke","1580774989302","1580775234703","0"
"Client-202","Requested","null","Luebeck - Altstadt","Holstenbruecke","Burgtorbruecke","1580774989336","0","0"
"Client-203","Arrived","Car-14","Hamburg - Grosse Runde","Strand-Pauli","Planetarium Hamburg","1580774989102","1580774995817","1580775081660"
"Client-204","Arrived","Car-2","Luebeck - Altstadt","Clemensstrasse","Holstenbruecke","1580774991661","1580775001554","1580775016606"
"Client-205","Arrived","Car-24","Luebeck - Altstadt","Museum","Holstenbruecke","1580774991611","1580775159797","1580775227131"
"Client-206","Requested","null","Luebeck - Altstadt","Holstenbruecke","Clemensstrasse","1580774991640","0","0"
"Client-207","Arrived","Car-0","Luebeck - Altstadt","Burgtorbruecke","Rehderbruecke","1580774991543","1580775016026","1580775079487"
"Client-208","Arrived","Car-0","Luebeck - Altstadt","Holstenbruecke","Rehderbruecke","1580774991424","1580775047310","1580775079474"
"Client-209","Arrived","Car-13","Hamburg - Grosse Runde","Planetarium Hamburg","Dammtor","1580774991596","1580775003858","1580775060465"
"Client-21","Arrived","Car-3","Luebeck - Altstadt","Rehderbruecke","Clemensstrasse","1580774917195","1580774923287","1580774958492"
"Client-210","Arrived","Car-1","Luebeck - Altstadt","Burgtorbruecke","Clemensstrasse","1580774993894","1580775000590","1580775018014"
"Client-211","Arrived","Car-0","Luebeck - Altstadt","Museum","Holstenbruecke","1580774994033","1580775063442","1580775129903"
"Client-212","Arrived","Car-4","Luebeck - Altstadt","Museum","Clemensstrasse","1580774993995","1580775023572","1580775074104"
"Client-213","Requested","null","Luebeck - Altstadt","Holstenbruecke","Rehderbruecke","1580774994077","0","0"
"Client-214","Arrived","Car-2","Luebeck - Altstadt","Clemensstrasse","Burgtorbruecke","1580774993985","1580775001501","1580775067542"
"Client-215","Arrived","Car-8","Hamburg - Grosse Runde","Hamburg-Hauptbahnhof","Planetarium Hamburg","1580774994006","1580775004770","1580775049432"
"Client-216","Arrived","Car-4","Luebeck - Altstadt","Museum","Clemensstrasse","1580774996551","1580775023561","1580775074154"
"Client-217","Arrived","Car-1","Luebeck - Altstadt","Clemensstrasse","Rehderbruecke","1580774996321","1580775017886","1580775066972"
"Client-218","Requested","null","Luebeck - Altstadt","Holstenbruecke","Clemensstrasse","1580774996476","0","0"
"Client-219","Arrived","Car-24","Luebeck - Altstadt","Museum","Rehderbruecke","1580774996429","1580775159771","1580775176635"
"Client-22","Arrived","Car-3","Luebeck - Altstadt","Rehderbruecke","Clemensstrasse","1580774917179","1580774923262","1580774958516"
"Client-220","Requested","null","Luebeck - Altstadt","Clemensstrasse","Burgtorbruecke","1580774996516","0","0"
"Client-221","Arrived","Car-8","Hamburg - Grosse Runde","Hamburg-Hauptbahnhof","Dammtor","1580774996431","1580775004781","1580775106867"
"Client-222","Arrived","Car-4","Luebeck - Altstadt","Holstenbruecke","Museum","1580774998845","1580775007192","1580775023629"
"Client-223","Seated","Car-7","Luebeck - Altstadt","Clemensstrasse","Rehderbruecke","1580774998836","1580775209205","0"
"Client-224","Arrived","Car-2","Luebeck - Altstadt","Holstenbruecke","Clemensstrasse","1580774998880","1580775016529","1580775083566"
"Client-225","Seated","Car-3","Luebeck - Altstadt","Clemensstrasse","Rehderbruecke","1580774998633","1580775208665","0"
"Client-226","Requested","null","Luebeck - Altstadt","Holstenbruecke","Burgtorbruecke","1580774998789","0","0"
"Client-227","Arrived","Car-18","Hamburg - Grosse Runde","Mundsburg","Strand-Pauli","1580774998915","1580775009144","1580775067686"
"Client-228","Requested","null","Luebeck - Altstadt","Holstenbruecke","Clemensstrasse","1580775001223","0","0"
"Client-229","Arrived","Car-3","Luebeck - Altstadt","Burgtorbruecke","Holstenbruecke","1580775001184","1580775025399","1580775057625"
"Client-23","Arrived","Car-11","Hamburg - Grosse Runde","Dammtor","Strand-Pauli","1580774917190","1580774923191","1580775021497"
"Client-230","Requested","null","Luebeck - Altstadt","Holstenbruecke","Clemensstrasse","1580775001192","0","0"
"Client-231","Arrived","Car-1","Luebeck - Altstadt","Burgtorbruecke","Museum","1580775001161","1580775084593","1580775134223"
"Client-232","Requested","null","Luebeck - Altstadt","Clemensstrasse","Burgtorbruecke","1580775001091","0","0"
"Client-233","Arrived","Car-17","Hamburg - Grosse Runde","Planetarium Hamburg","Hamburg-Hauptbahnhof","1580775001156","1580775027404","1580775102522"
"Client-234","Requested","null","Luebeck - Altstadt","Rehderbruecke","Clemensstrasse","1580775003475","0","0"
"Client-235","Requested","null","Luebeck - Altstadt","Rehderbruecke","Burgtorbruecke","1580775003576","0","0"
"Client-236","Requested","null","Luebeck - Altstadt","Clemensstrasse","Holstenbruecke","1580775003592","0","0"
"Client-237","Requested","null","Luebeck - Altstadt","Holstenbruecke","Burgtorbruecke","1580775003663","0","0"
"Client-238","Requested","null","Luebeck - Altstadt","Rehderbruecke","Museum","1580775003642","0","0"
"Client-239","Arrived","Car-10","Hamburg - Grosse Runde","Hamburg-Hauptbahnhof","Strand-Pauli","1580775003604","1580775012272","1580775092672"
"Client-24","Seated","Car-0","Luebeck - Altstadt","Museum","Rehderbruecke","1580774919558","1580775232353","0"
"Client-240","Arrived","Car-2","Luebeck - Altstadt","Rehderbruecke","Clemensstrasse","1580775006108","1580775049517","1580775083600"
"Client-241","Arrived","Car-0","Luebeck - Altstadt","Museum","Burgtorbruecke","1580775005890","1580775146047","1580775181729"
"Client-242","Requested","null","Luebeck - Altstadt","Burgtorbruecke","Museum","1580775005994","0","0"
"Client-243","Requested","null","Luebeck - Altstadt","Rehderbruecke","Clemensstrasse","1580775006071","0","0"
"Client-244","Arrived","Car-3","Luebeck - Altstadt","Burgtorbruecke","Museum","1580775005992","1580775025390","1580775074326"
"Client-245","Arrived","Car-16","Hamburg - Grosse Runde","Strand-Pauli","Dammtor","1580775005985","1580775016598","1580775038818"
"Client-246","Arrived","Car-2","Luebeck - Altstadt","Holstenbruecke","Museum","1580775008440","1580775183740","1580775199834"
"Client-247","Arrived","Car-0","Luebeck - Altstadt","Burgtorbruecke","Rehderbruecke","1580775008333","1580775015985","1580775079463"
"Client-248","Requested","null","Luebeck - Altstadt","Clemensstrasse","Rehderbruecke","1580775008400","0","0"
"Client-249","Arrived","Car-2","Luebeck - Altstadt","Holstenbruecke","Clemensstrasse","1580775008496","1580775016492","1580775083550"
"Client-25","Arrived","Car-2","Luebeck - Altstadt","Holstenbruecke","Burgtorbruecke","1580774919586","1580774933245","1580774984683"
"Client-250","Requested","null","Luebeck - Altstadt","Holstenbruecke","Burgtorbruecke","1580775008452","0","0"
"Client-251","Arrived","Car-6","Hamburg - Grosse Runde","Mundsburg","Dammtor","1580775008505","1580775016552","1580775097089"
"Client-252","Requested","null","Luebeck - Altstadt","Holstenbruecke","Burgtorbruecke","1580775010707","0","0"
"Client-253","Arrived","Car-4","Luebeck - Altstadt","Rehderbruecke","Clemensstrasse","1580775010775","1580775039820","1580775074140"
"Client-254","Arrived","Car-1","Luebeck - Altstadt","Clemensstrasse","Burgtorbruecke","1580775010757","1580775017923","1580775084627"
"Client-255","Arrived","Car-2","Luebeck - Altstadt","Holstenbruecke","Museum","1580775010815","1580775183717","1580775199824"
"Client-256","Seated","Car-5","Luebeck - Altstadt","Rehderbruecke","Museum","1580775010790","1580775191930","0"
"Client-257","Arrived","Car-9","Hamburg - Grosse Runde","Hamburg-Hauptbahnhof","Mundsburg","1580775010769","1580775020819","1580775043109"
"Client-258","Seated","Car-23","Luebeck - Altstadt","Clemensstrasse","Holstenbruecke","1580775013317","1580775235987","0"
"Client-259","Arrived","Car-0","Luebeck - Altstadt","Museum","Clemensstrasse","1580775013183","1580775063427","1580775114558"
"Client-26","Arrived","Car-12","Luebeck - Altstadt","Rehderbruecke","Clemensstrasse","1580774919608","1580775177708","1580775212361"
"Client-260","Arrived","Car-3","Luebeck - Altstadt","Clemensstrasse","Museum","1580775013101","1580775042435","1580775074340"
"Client-261","Arrived","Car-4","Luebeck - Altstadt","Museum","Clemensstrasse","1580775013284","1580775023590","1580775074127"
"Client-262","Arrived","Car-3","Luebeck - Altstadt","Burgtorbruecke","Clemensstrasse","1580775013284","1580775191823","1580775208704"
"Client-263","Arrived","Car-9","Hamburg - Grosse Runde","Hamburg-Hauptbahnhof","Strand-Pauli","1580775013169","1580775020805","1580775101485"
"Client-264","Seated","Car-23","Luebeck - Altstadt","Rehderbruecke","Holstenbruecke","1580775015693","1580775200335","0"
"Client-265","Arrived","Car-0","Luebeck - Altstadt","Clemensstrasse","Burgtorbruecke","1580775015655","1580775032412","1580775097233"
"Client-266","Arrived","Car-0","Luebeck - Altstadt","Rehderbruecke","Holstenbruecke","1580775015574","1580775079434","1580775129921"
"Client-267","Arrived","Car-1","Luebeck - Altstadt","Museum","Rehderbruecke","1580775015458","1580775049866","1580775066957"
"Client-268","Requested","null","Luebeck - Altstadt","Holstenbruecke","Rehderbruecke","1580775015594","0","0"
"Client-269","Arrived","Car-21","Hamburg - Grosse Runde","Dammtor","Planetarium Hamburg","1580775015575","1580775024665","1580775088401"
"Client-27","Requested","null","Luebeck - Altstadt","Rehderbruecke","Museum","1580774919467","0","0"
"Client-270","Requested","null","Luebeck - Altstadt","Burgtorbruecke","Museum","1580775018057","0","0"
"Client-271","Requested","null","Luebeck - Altstadt","Rehderbruecke","Burgtorbruecke","1580775018099","0","0"
"Client-272","Requested","null","Luebeck - Altstadt","Rehderbruecke","Clemensstrasse","1580775018080","0","0"
"Client-273","Arrived","Car-4","Luebeck - Altstadt","Holstenbruecke","Rehderbruecke","1580775018040","1580775090161","1580775123048"
"Client-274","Requested","null","Luebeck - Altstadt","Rehderbruecke","Holstenbruecke","1580775017899","0","0"
"Client-275","Arrived","Car-8","Hamburg - Grosse Runde","Mundsburg","Planetarium Hamburg","1580775018072","1580775026285","1580775049419"
"Client-276","Arrived","Car-4","Luebeck - Altstadt","Museum","Clemensstrasse","1580775020444","1580775189282","1580775239114"
"Client-277","Requested","null","Luebeck - Altstadt","Rehderbruecke","Clemensstrasse","1580775020431","0","0"
"Client-278","Requested","null","Luebeck - Altstadt","Museum","Burgtorbruecke","1580775020479","0","0"
"Client-279","Requested","null","Luebeck - Altstadt","Burgtorbruecke","Holstenbruecke","1580775020434","0","0"
"Client-28","Arrived","Car-1","Luebeck - Altstadt","Clemensstrasse","Holstenbruecke","1580774919654","1580774935338","1580774950936"
"Client-280","Requested","null","Luebeck - Altstadt","Rehderbruecke","Clemensstrasse","1580775020539","0","0"
"Client-281","Arrived","Car-16","Hamburg - Grosse Runde","Dammtor","Mundsburg","1580775020283","1580775038787","1580775079655"
"Client-282","Requested","null","Luebeck - Altstadt","Burgtorbruecke","Clemensstrasse","1580775022818","0","0"
"Client-283","Arrived","Car-3","Luebeck - Altstadt","Museum","Holstenbruecke","1580775022797","1580775074245","1580775140472"
"Client-284","Arrived","Car-19","Luebeck - Altstadt","Rehderbruecke","Clemensstrasse","1580775022806","1580775199385","1580775233044"
"Client-285","Arrived","Car-3","Luebeck - Altstadt","Holstenbruecke","Clemensstrasse","1580775022651","1580775140372","1580775208747"
"Client-286","Arrived","Car-1","Luebeck - Altstadt","Rehderbruecke","Clemensstrasse","1580775022854","1580775066920","1580775101779"
"Client-287","Seated","Car-22","Hamburg - Grosse Runde","Hamburg-Hauptbahnhof","Strand-Pauli","1580775022891","1580775029394","0"
"Client-288","Arrived","Car-4","Luebeck - Altstadt","Rehderbruecke","Clemensstrasse","1580775025213","1580775039710","1580775074091"
"Client-289","Seated","Car-15","Luebeck - Altstadt","Museum","Clemensstrasse","1580775025185","1580775237701","0"
"Client-29","Arrived","Car-20","Hamburg - Grosse Runde","Planetarium Hamburg","Dammtor","1580774919571","1580774925221","1580774981166"
"Client-290","Arrived","Car-4","Luebeck - Altstadt","Rehderbruecke","Museum","1580775025209","1580775039769","1580775106669"
"Client-291","Arrived","Car-0","Luebeck - Altstadt","Clemensstrasse","Museum","1580775025091","1580775032556","1580775063496"
"Client-292","Requested","null","Luebeck - Altstadt","Holstenbruecke","Museum","1580775025169","0","0"
"Client-293","Arrived","Car-10","Hamburg - Grosse Runde","Mundsburg","Planetarium Hamburg","1580775025255","1580775033922","1580775057597"
"Client-294","Seated","Car-7","Luebeck - Altstadt","Clemensstrasse","Burgtorbruecke","1580775027622","1580775209219","0"
"Client-295","Arrived","Car-3","Luebeck - Altstadt","Burgtorbruecke","Rehderbruecke","1580775027517","1580775108119","1580775174055"
"Client-296","Arrived","Car-3","Luebeck - Altstadt","Museum","Rehderbruecke","1580775027599","1580775074221","1580775089973"
"Client-297","Arrived","Car-3","Luebeck - Altstadt","Holstenbruecke","Burgtorbruecke","1580775027641","1580775057567","1580775108181"
"Client-298","Arrived","Car-4","Luebeck - Altstadt","Clemensstrasse","Burgtorbruecke","1580775027669","1580775074018","1580775140185"
"Client-299","Arrived","Car-13","Hamburg - Grosse Runde","Strand-Pauli","Hamburg-Hauptbahnhof","1580775027593","1580775038544","1580775078751"
"Client-3","Arrived","Car-4","Luebeck - Altstadt","Holstenbruecke","Rehderbruecke","1580774910463","1580774924360","1580774956372"
"Client-30","Arrived","Car-2","Luebeck - Altstadt","Holstenbruecke","Clemensstrasse","1580774921951","1580774933269","1580775001573"
"Client-300","Requested","null","Luebeck - Altstadt","Burgtorbruecke","Rehderbruecke","1580775029894","0","0"
"Client-301","Requested","null","Luebeck - Altstadt","Burgtorbruecke","Clemensstrasse","1580775030947","0","0"
"Client-302","Requested","null","Luebeck - Altstadt","Burgtorbruecke","Museum","1580775030685","0","0"
"Client-303","Arrived","Car-15","Luebeck - Altstadt","Holstenbruecke","Museum","1580775030685","1580775221321","1580775237762"
"Client-304","Requested","null","Luebeck - Altstadt","Clemensstrasse","Burgtorbruecke","1580775030663","0","0"
"Client-305","Arrived","Car-14","Hamburg - Grosse Runde","Hamburg-Hauptbahnhof","Mundsburg","1580775030840","1580775037155","1580775059050"
"Client-306","Seated","Car-7","Luebeck - Altstadt","Museum","Rehderbruecke","1580775032491","1580775241577","0"
"Client-307","Arrived","Car-7","Luebeck - Altstadt","Rehderbruecke","Museum","1580775032622","1580775174586","1580775241605"
"Client-308","Requested","null","Luebeck - Altstadt","Holstenbruecke","Museum","1580775032332","0","0"
"Client-309","Seated","Car-4","Luebeck - Altstadt","Burgtorbruecke","Museum","1580775032457","1580775222469","0"
"Client-31","Arrived","Car-2","Luebeck - Altstadt","Museum","Holstenbruecke","1580774921963","1580775032942","1580775099398"
"Client-310","Arrived","Car-2","Luebeck - Altstadt","Clemensstrasse","Burgtorbruecke","1580775032431","1580775083509","1580775150434"
"Client-311","Arrived","Car-13","Hamburg - Grosse Runde","Strand-Pauli","Dammtor","1580775032431","1580775038582","1580775060452"
"Client-312","Arrived","Car-12","Luebeck - Altstadt","Museum","Rehderbruecke","1580775035047","1580775160912","1580775177730"
"Client-313","Arrived","Car-24","Luebeck - Altstadt","Clemensstrasse","Holstenbruecke","1580775034936","1580775211225","1580775227185"
"Client-314","Requested","null","Luebeck - Altstadt","Burgtorbruecke","Clemensstrasse","1580775034988","0","0"
"Client-315","Arrived","Car-3","Luebeck - Altstadt","Burgtorbruecke","Rehderbruecke","1580775034936","1580775108147","1580775174031"
"Client-316","Requested","null","Luebeck - Altstadt","Holstenbruecke","Clemensstrasse","1580775034740","0","0"
"Client-317","Arrived","Car-9","Hamburg - Grosse Runde","Mundsburg","Hamburg-Hauptbahnhof","1580775034914","1580775043076","1580775141344"
"Client-318","Arrived","Car-4","Luebeck - Altstadt","Museum","Clemensstrasse","1580775037212","1580775189331","1580775239129"
"Client-319","Requested","null","Luebeck - Altstadt","Clemensstrasse","Holstenbruecke","1580775037251","0","0"
"Client-32","Arrived","Car-3","Luebeck - Altstadt","Rehderbruecke","Museum","1580774921844","1580775007212","1580775074380"
"Client-320","Arrived","Car-1","Luebeck - Altstadt","Museum","Burgtorbruecke","1580775037251","1580775049852","1580775084653"
"Client-321","Arrived","Car-7","Luebeck - Altstadt","Museum","Rehderbruecke","1580775037243","1580775157828","1580775174599"
"Client-322","Requested","null","Luebeck - Altstadt","Clemensstrasse","Burgtorbruecke","1580775037073","0","0"
"Client-323","Arrived","Car-9","Hamburg - Grosse Runde","Mundsburg","Hamburg-Hauptbahnhof","1580775037251","1580775043047","1580775141330"
"Client-324","Requested","null","Luebeck - Altstadt","Holstenbruecke","Burgtorbruecke","1580775039602","0","0"
"Client-325","Arrived","Car-15","Luebeck - Altstadt","Museum","Holstenbruecke","1580775039646","1580775153926","1580775221421"
"Client-326","Requested","null","Luebeck - Altstadt","Clemensstrasse","Burgtorbruecke","1580775039622","0","0"
"Client-327","Arrived","Car-7","Luebeck - Altstadt","Museum","Holstenbruecke","1580775039699","1580775157867","1580775224941"
"Client-328","Arrived","Car-4","Luebeck - Altstadt","Clemensstrasse","Museum","1580775039519","1580775074046","1580775106651"
"Client-329","Arrived","Car-8","Hamburg - Grosse Runde","Planetarium Hamburg","Strand-Pauli","1580775039710","1580775049408","1580775084528"
"Client-33","Requested","null","Luebeck - Altstadt","Rehderbruecke","Holstenbruecke","1580774921974","0","0"
"Client-330","Requested","null","Luebeck - Altstadt","Burgtorbruecke","Holstenbruecke","1580775042015","0","0"
"Client-331","Arrived","Car-2","Luebeck - Altstadt","Holstenbruecke","Rehderbruecke","1580775042048","1580775099379","1580775132299"
"Client-332","Arrived","Car-1","Luebeck - Altstadt","Burgtorbruecke","Holstenbruecke","1580775041995","1580775169330","1580775202956"
"Client-333","Arrived","Car-1","Luebeck - Altstadt","Clemensstrasse","Holstenbruecke","1580775042112","1580775186759","1580775202990"
"Client-334","Arrived","Car-2","Luebeck - Altstadt","Burgtorbruecke","Museum","1580775042009","1580775067522","1580775116050"
"Client-335","Arrived","Car-11","Hamburg - Grosse Runde","Hamburg-Hauptbahnhof","Dammtor","1580775041929","1580775054502","1580775156524"
"Client-336","Arrived","Car-20","Luebeck - Altstadt","Museum","Burgtorbruecke","1580775044477","1580775177873","1580775212007"
"Client-337","Arrived","Car-0","Luebeck - Altstadt","Burgtorbruecke","Museum","1580775044411","1580775181618","1580775232424"
"Client-338","Requested","null","Luebeck - Altstadt","Rehderbruecke","Burgtorbruecke","1580775044284","0","0"
"Client-339","Requested","null","Luebeck - Altstadt","Rehderbruecke","Clemensstrasse","1580775044492","0","0"
"Client-34","Arrived","Car-0","Luebeck - Altstadt","Rehderbruecke","Clemensstrasse","1580774922015","1580775079449","1580775114569"
"Client-340","Requested","null","Luebeck - Altstadt","Burgtorbruecke","Holstenbruecke","1580775044522","0","0"
"Client-341","Seated","Car-22","Hamburg - Grosse Runde","Mundsburg","Strand-Pauli","1580775044414","1580775050794","0"
"Client-342","Arrived","Car-3","Luebeck - Altstadt","Rehderbruecke","Holstenbruecke","1580775046706","1580775089907","1580775140437"
"Client-343","Arrived","Car-4","Luebeck - Altstadt","Burgtorbruecke","Museum","1580775046745","1580775140117","1580775189360"
"Client-344","Arrived","Car-1","Luebeck - Altstadt","Clemensstrasse","Rehderbruecke","1580775046769","1580775101739","1580775150871"
"Client-345","Arrived","Car-3","Luebeck - Altstadt","Museum","Holstenbruecke","1580775046779","1580775074235","1580775140460"
"Client-346","Requested","null","Luebeck - Altstadt","Clemensstrasse","Museum","1580775046795","0","0"
"Client-347","Arrived","Car-10","Hamburg - Grosse Runde","Planetarium Hamburg","Dammtor","1580775046813","1580775057575","1580775114778"
"Client-348","Requested","null","Luebeck - Altstadt","Clemensstrasse","Rehderbruecke","1580775049222","0","0"
"Client-349","Arrived","Car-2","Luebeck - Altstadt","Clemensstrasse","Rehderbruecke","1580775049184","1580775167775","1580775216130"
"Client-35","Arrived","Car-17","Hamburg - Grosse Runde","Strand-Pauli","Mundsburg","1580774921935","1580774950290","1580775012302"
"Client-350","Arrived","Car-4","Luebeck - Altstadt","Clemensstrasse","Holstenbruecke","1580775049134","1580775074068","1580775090197"
"Client-351","Requested","null","Luebeck - Altstadt","Burgtorbruecke","Clemensstrasse","1580775049239","0","0"
"Client-352","Requested","null","Luebeck - Altstadt","Burgtorbruecke","Holstenbruecke","1580775049285","0","0"
"Client-353","Arrived","Car-13","Hamburg - Grosse Runde","Dammtor","Mundsburg","1580775049207","1580775060441","1580775100478"
"Client-354","Requested","null","Luebeck - Altstadt","Clemensstrasse","Holstenbruecke","1580775051605","0","0"
"Client-355","Arrived","Car-4","Luebeck - Altstadt","Museum","Burgtorbruecke","1580775051637","1580775189292","1580775222540"
"Client-356","Arrived","Car-1","Luebeck - Altstadt","Burgtorbruecke","Museum","1580775051586","1580775084619","1580775134184"
"Client-357","Arrived","Car-0","Luebeck - Altstadt","Rehderbruecke","Clemensstrasse","1580775051501","1580775079423","1580775114545"
"Client-358","Arrived","Car-3","Luebeck - Altstadt","Holstenbruecke","Burgtorbruecke","1580775051601","1580775057552","1580775108170"
"Client-359","Arrived","Car-10","Hamburg - Grosse Runde","Planetarium Hamburg","Strand-Pauli","1580775051690","1580775057555","1580775092685"
"Client-36","Arrived","Car-1","Luebeck - Altstadt","Clemensstrasse","Burgtorbruecke","1580774924237","1580774935280","1580775000624"
"Client-360","Requested","null","Luebeck - Altstadt","Holstenbruecke","Burgtorbruecke","1580775053990","0","0"
"Client-361","Arrived","Car-2","Luebeck - Altstadt","Clemensstrasse","Museum","1580775054013","1580775083532","1580775116037"
"Client-362","Seated","Car-1","Luebeck - Altstadt","Clemensstrasse","Burgtorbruecke","1580775053843","1580775186745","0"
"Client-363","Arrived","Car-4","Luebeck - Altstadt","Clemensstrasse","Holstenbruecke","1580775054051","1580775074032","1580775090217"
"Client-364","Requested","null","Luebeck - Altstadt","Rehderbruecke","Burgtorbruecke","1580775054098","0","0"
"Client-365","Arrived","Car-9","Hamburg - Grosse Runde","Planetarium Hamburg","Dammtor","1580775054007","1580775066352","1580775122790"
"Client-366","Requested","null","Luebeck - Altstadt","Holstenbruecke","Burgtorbruecke","1580775056306","0","0"
"Client-367","Requested","null","Luebeck - Altstadt","Holstenbruecke","Rehderbruecke","1580775056404","0","0"
"Client-368","Requested","null","Luebeck - Altstadt","Museum","Burgtorbruecke","1580775056395","0","0"
"Client-369","Arrived","Car-2","Luebeck - Altstadt","Rehderbruecke","Holstenbruecke","1580775056386","1580775132267","1580775183957"
"Client-37","Requested","null","Luebeck - Altstadt","Rehderbruecke","Clemensstrasse","1580774924442","0","0"
"Client-370","Requested","null","Luebeck - Altstadt","Clemensstrasse","Museum","1580775056420","0","0"
"Client-371","Arrived","Car-13","Hamburg - Grosse Runde","Hamburg-Hauptbahnhof","Mundsburg","1580775056459","1580775078728","1580775100467"
"Client-372","Requested","null","Luebeck - Altstadt","Burgtorbruecke","Museum","1580775058858","0","0"
"Client-373","Requested","null","Luebeck - Altstadt","Rehderbruecke","Holstenbruecke","1580775058737","0","0"
"Client-374","Requested","null","Luebeck - Altstadt","Rehderbruecke","Museum","1580775058843","0","0"
"Client-375","Arrived","Car-4","Luebeck - Altstadt","Holstenbruecke","Clemensstrasse","1580775058813","1580775090178","1580775157013"
"Client-376","Arrived","Car-0","Luebeck - Altstadt","Holstenbruecke","Clemensstrasse","1580775058916","1580775129886","1580775199149"
"Client-377","Arrived","Car-21","Hamburg - Grosse Runde","Mundsburg","Hamburg-Hauptbahnhof","1580775058863","1580775064679","1580775163942"
"Client-378","Arrived","Car-1","Luebeck - Altstadt","Clemensstrasse","Holstenbruecke","1580775061268","1580775101703","1580775117519"
"Client-379","Requested","null","Luebeck - Altstadt","Rehderbruecke","Holstenbruecke","1580775061218","0","0"
"Client-38","Arrived","Car-23","Luebeck - Altstadt","Museum","Burgtorbruecke","1580774924356","1580775184610","1580775218507"
"Client-380","Arrived","Car-1","Luebeck - Altstadt","Holstenbruecke","Rehderbruecke","1580775061245","1580775117502","1580775150858"
"Client-381","Requested","null","Luebeck - Altstadt","Holstenbruecke","Burgtorbruecke","1580775061176","0","0"
"Client-382","Arrived","Car-15","Luebeck - Altstadt","Museum","Rehderbruecke","1580775061090","1580775153877","1580775170536"
"Client-383","Arrived","Car-13","Hamburg - Grosse Runde","Hamburg-Hauptbahnhof","Mundsburg","1580775061161","1580775078690","1580775100489"
"Client-384","Arrived","Car-2","Luebeck - Altstadt","Burgtorbruecke","Holstenbruecke","1580775063707","1580775150408","1580775183911"
"Client-385","Requested","null","Luebeck - Altstadt","Rehderbruecke","Museum","1580775063697","0","0"
"Client-386","Requested","null","Luebeck - Altstadt","Holstenbruecke","Clemensstrasse","1580775063597","0","0"
"Client-387","Arrived","Car-4","Luebeck - Altstadt","Clemensstrasse","Burgtorbruecke","1580775063529","1580775156995","1580775222513"
"Client-388","Arrived","Car-4","Luebeck - Altstadt","Clemensstrasse","Rehderbruecke","1580775063602","1580775074055","1580775123038"
"Client-389","Arrived","Car-6","Hamburg - Grosse Runde","Strand-Pauli","Hamburg-Hauptbahnhof","1580775063721","1580775075073","1580775116030"
"Client-39","Arrived","Car-0","Luebeck - Altstadt","Burgtorbruecke","Holstenbruecke","1580774924371","1580774933264","1580774965951"
"Client-390","Arrived","Car-0","Luebeck - Altstadt","Burgtorbruecke","Museum","1580775066000","1580775097204","1580775146061"
"Client-391","Arrived","Car-2","Luebeck - Altstadt","Clemensstrasse","Rehderbruecke","1580775065975","1580775083481","1580775132308"
"Client-392","Requested","null","Luebeck - Altstadt","Holstenbruecke","Clemensstrasse","1580775065990","0","0"
"Client-393","Seated","Car-7","Luebeck - Altstadt","Holstenbruecke","Burgtorbruecke","1580775066027","1580775224917","0"
"Client-394","Requested","null","Luebeck - Altstadt","Rehderbruecke","Burgtorbruecke","1580775065913","0","0"
"Client-395","Arrived","Car-11","Hamburg - Grosse Runde","Mundsburg","Hamburg-Hauptbahnhof","1580775066044","1580775076303","1580775175043"
"Client-396","Seated","Car-19","Luebeck - Altstadt","Burgtorbruecke","Museum","1580775068374","1580775217082","0"
"Client-397","Arrived","Car-2","Luebeck - Altstadt","Holstenbruecke","Burgtorbruecke","1580775068525","1580775099366","1580775150423"
"Client-398","Requested","null","Luebeck - Altstadt","Holstenbruecke","Rehderbruecke","1580775068370","0","0"
"Client-399","Arrived","Car-7","Luebeck - Altstadt","Museum","Clemensstrasse","1580775068426","1580775157841","1580775209242"
"Client-4","Arrived","Car-4","Luebeck - Altstadt","Holstenbruecke","Clemensstrasse","1580774910474","1580774924314","1580774991733"
"Client-40","Arrived","Car-1","Luebeck - Altstadt","Clemensstrasse","Holstenbruecke","1580774924402","1580774935328","1580774950981"
"Client-400","Seated","Car-20","Luebeck - Altstadt","Burgtorbruecke","Holstenbruecke","1580775068486","1580775211957","0"
"Client-401","Arrived","Car-13","Hamburg - Grosse Runde","Hamburg-Hauptbahnhof","Mundsburg","1580775068316","1580775078739","1580775100502"
"Client-402","Requested","null","Luebeck - Altstadt","Holstenbruecke","Burgtorbruecke","1580775070778","0","0"
"Client-403","Arrived","Car-15","Luebeck - Altstadt","Museum","Burgtorbruecke","1580775070650","1580775153904","1580775188608"
"Client-404","Requested","null","Luebeck - Altstadt","Rehderbruecke","Museum","1580775070821","0","0"
"Client-405","Arrived","Car-1","Luebeck - Altstadt","Museum","Holstenbruecke","1580775070874","1580775134158","1580775202975"
"Client-406","Requested","null","Luebeck - Altstadt","Museum","Holstenbruecke","1580775070787","0","0"
"Client-407","Arrived","Car-13","Hamburg - Grosse Runde","Hamburg-Hauptbahnhof","Dammtor","1580775070825","1580775078716","1580775180740"
"Client-408","Arrived","Car-24","Luebeck - Altstadt","Museum","Burgtorbruecke","1580775073074","1580775159700","1580775194440"
"Client-409","Seated","Car-12","Luebeck - Altstadt","Clemensstrasse","Rehderbruecke","1580775073176","1580775212342","0"
"Client-41","Arrived","Car-23","Hamburg - Grosse Runde","Planetarium Hamburg","Dammtor","1580774924407","1580774930204","1580774987148"
"Client-410","Arrived","Car-12","Luebeck - Altstadt","Museum","Rehderbruecke","1580775073180","1580775160869","1580775177743"
"Client-411","Requested","null","Luebeck - Altstadt","Holstenbruecke","Burgtorbruecke","1580775073207","0","0"
"Client-412","Arrived","Car-1","Luebeck - Altstadt","Burgtorbruecke","Museum","1580775073212","1580775084609","1580775134209"
"Client-413","Arrived","Car-13","Hamburg - Grosse Runde","Hamburg-Hauptbahnhof","Strand-Pauli","1580775073250","1580775078703","1580775158564"
"Client-414","Arrived","Car-24","Luebeck - Altstadt","Burgtorbruecke","Museum","1580775075591","1580775194397","1580775243352"
"Client-415","Arrived","Car-4","Luebeck - Altstadt","Museum","Holstenbruecke","1580775075695","1580775106619","1580775172661"
"Client-416","Requested","null","Luebeck - Altstadt","Clemensstrasse","Rehderbruecke","1580775075581","0","0"
"Client-417","Arrived","Car-7","Luebeck - Altstadt","Museum","Burgtorbruecke","1580775075439","1580775157803","1580775192862"
"Client-418","Arrived","Car-3","Luebeck - Altstadt","Rehderbruecke","Burgtorbruecke","1580775075658","1580775089962","1580775108156"
"Client-419","Arrived","Car-17","Hamburg - Grosse Runde","Dammtor","Strand-Pauli","1580775075613","1580775083535","1580775183905"
"Client-42","Arrived","Car-0","Luebeck - Altstadt","Burgtorbruecke","Rehderbruecke","1580774926648","1580774933284","1580774998768"
"Client-420","Arrived","Car-2","Luebeck - Altstadt","Clemensstrasse","Museum","1580775078011","1580775083491","1580775116065"
"Client-421","Arrived","Car-15","Luebeck - Altstadt","Museum","Burgtorbruecke","1580775077993","1580775153947","1580775188600"
"Client-422","Requested","null","Luebeck - Altstadt","Rehderbruecke","Clemensstrasse","1580775077988","0","0"
"Client-423","Seated","Car-3","Luebeck - Altstadt","Clemensstrasse","Rehderbruecke","1580775077916","1580775208642","0"
"Client-424","Requested","null","Luebeck - Altstadt","Holstenbruecke","Burgtorbruecke","1580775077964","0","0"
"Client-425","Arrived","Car-17","Hamburg - Grosse Runde","Dammtor","Planetarium Hamburg","1580775077978","1580775083512","1580775148191"
"Client-426","Arrived","Car-4","Luebeck - Altstadt","Rehderbruecke","Burgtorbruecke","1580775080429","1580775123011","1580775140235"
"Client-427","Requested","null","Luebeck - Altstadt","Rehderbruecke","Burgtorbruecke","1580775080420","0","0"
"Client-428","Arrived","Car-3","Luebeck - Altstadt","Holstenbruecke","Museum","1580775080519","1580775140399","1580775157366"
"Client-429","Seated","Car-23","Luebeck - Altstadt","Clemensstrasse","Holstenbruecke","1580775080414","1580775235997","0"
"Client-43","Arrived","Car-3","Luebeck - Altstadt","Museum","Holstenbruecke","1580774926729","1580774990752","1580775057611"
"Client-430","Arrived","Car-3","Luebeck - Altstadt","Rehderbruecke","Museum","1580775080460","1580775173964","1580775240818"
"Client-431","Arrived","Car-18","Hamburg - Grosse Runde","Dammtor","Strand-Pauli","1580775080302","1580775090403","1580775189411"
"Client-432","Requested","null","Luebeck - Altstadt","Rehderbruecke","Clemensstrasse","1580775082794","0","0"
"Client-433","Arrived","Car-12","Luebeck - Altstadt","Museum","Clemensstrasse","1580775082892","1580775160810","1580775212382"
"Client-434","Arrived","Car-19","Luebeck - Altstadt","Museum","Rehderbruecke","1580775082728","1580775183714","1580775199415"
"Client-435","Arrived","Car-4","Luebeck - Altstadt","Burgtorbruecke","Holstenbruecke","1580775082838","1580775140151","1580775172648"
"Client-436","Requested","null","Luebeck - Altstadt","Clemensstrasse","Museum","1580775082849","0","0"
"Client-437","Arrived","Car-13","Hamburg - Grosse Runde","Mundsburg","Dammtor","1580775082902","1580775100438","1580775180752"
"Client-438","Arrived","Car-24","Luebeck - Altstadt","Burgtorbruecke","Holstenbruecke","1580775085160","1580775194417","1580775227141"
"Client-439","Requested","null","Luebeck - Altstadt","Burgtorbruecke","Holstenbruecke","1580775085330","0","0"
"Client-44","Arrived","Car-4","Luebeck - Altstadt","Rehderbruecke","Burgtorbruecke","1580774926758","1580774956319","1580774974955"
"Client-440","Arrived","Car-0","Luebeck - Altstadt","Clemensstrasse","Rehderbruecke","1580775085376","1580775114508","1580775162793"
"Client-441","Arrived","Car-24","Luebeck - Altstadt","Rehderbruecke","Holstenbruecke","1580775085341","1580775176617","1580775227152"
"Client-442","Arrived","Car-0","Luebeck - Altstadt","Clemensstrasse","Burgtorbruecke","1580775085360","1580775114521","1580775181709"
"Client-443","Arrived","Car-13","Hamburg - Grosse Runde","Mundsburg","Hamburg-Hauptbahnhof","1580775085263","1580775100454","1580775199694"
"Client-444","Seated","Car-1","Luebeck - Altstadt","Holstenbruecke","Clemensstrasse","1580775087607","1580775202910","0"
"Client-445","Seated","Car-15","Luebeck - Altstadt","Holstenbruecke","Clemensstrasse","1580775087708","1580775221364","0"
"Client-446","Requested","null","Luebeck - Altstadt","Rehderbruecke","Clemensstrasse","1580775087641","0","0"
"Client-447","Arrived","Car-2","Luebeck - Altstadt","Museum","Clemensstrasse","1580775087598","1580775116015","1580775167798"
"Client-448","Arrived","Car-3","Luebeck - Altstadt","Holstenbruecke","Clemensstrasse","1580775087652","1580775140388","1580775208730"
"Client-449","Arrived","Car-13","Hamburg - Grosse Runde","Mundsburg","Dammtor","1580775087446","1580775100446","1580775180761"
"Client-45","Arrived","Car-1","Luebeck - Altstadt","Rehderbruecke","Clemensstrasse","1580774926793","1580775066909","1580775101753"
"Client-450","Arrived","Car-7","Luebeck - Altstadt","Museum","Clemensstrasse","1580775089912","1580775157854","1580775209229"
"Client-451","Arrived","Car-4","Luebeck - Altstadt","Clemensstrasse","Holstenbruecke","1580775090058","1580775156978","1580775172633"
"Client-452","Arrived","Car-20","Luebeck - Altstadt","Museum","Burgtorbruecke","1580775090022","1580775177821","1580775211990"
"Client-453","Arrived","Car-7","Luebeck - Altstadt","Museum","Burgtorbruecke","1580775090089","1580775157789","1580775192840"
"Client-454","Requested","null","Luebeck - Altstadt","Rehderbruecke","Museum","1580775090004","0","0"
"Client-455","Arrived","Car-11","Hamburg - Grosse Runde","Planetarium Hamburg","Strand-Pauli","1580775090045","1580775099533","1580775135017"
"Client-456","Requested","null","Luebeck - Altstadt","Burgtorbruecke","Clemensstrasse","1580775092520","0","0"
"Client-457","Arrived","Car-2","Luebeck - Altstadt","Museum","Clemensstrasse","1580775092408","1580775115999","1580775167812"
"Client-458","Seated","Car-0","Luebeck - Altstadt","Museum","Rehderbruecke","1580775092486","1580775232336","0"
"Client-459","Requested","null","Luebeck - Altstadt","Clemensstrasse","Burgtorbruecke","1580775092477","0","0"
"Client-46","Arrived","Car-4","Luebeck - Altstadt","Rehderbruecke","Holstenbruecke","1580774926786","1580774956293","1580775007234"
"Client-460","Requested","null","Luebeck - Altstadt","Burgtorbruecke","Holstenbruecke","1580775092282","0","0"
"Client-461","Arrived","Car-8","Hamburg - Grosse Runde","Dammtor","Hamburg-Hauptbahnhof","1580775092428","1580775106842","1580775124998"
"Client-462","Arrived","Car-15","Luebeck - Altstadt","Rehderbruecke","Burgtorbruecke","1580775094711","1580775170518","1580775188587"
"Client-463","Requested","null","Luebeck - Altstadt","Clemensstrasse","Burgtorbruecke","1580775094784","0","0"
"Client-464","Arrived","Car-24","Luebeck - Altstadt","Museum","Clemensstrasse","1580775094875","1580775159784","1580775211260"
"Client-465","Arrived","Car-2","Luebeck - Altstadt","Rehderbruecke","Holstenbruecke","1580775094831","1580775132280","1580775183868"
"Client-466","Requested","null","Luebeck - Altstadt","Burgtorbruecke","Clemensstrasse","1580775094795","0","0"
"Client-467","Seated","Car-17","Hamburg - Grosse Runde","Planetarium Hamburg","Mundsburg","1580775094887","1580775148138","0"
"Client-468","Arrived","Car-0","Luebeck - Altstadt","Clemensstrasse","Rehderbruecke","1580775097209","1580775114495","1580775162810"
"Client-469","Requested","null","Luebeck - Altstadt","Burgtorbruecke","Holstenbruecke","1580775097212","0","0"
"Client-47","Arrived","Car-17","Hamburg - Grosse Runde","Strand-Pauli","Mundsburg","1580774926770","1580774950272","1580775012315"
"Client-470","Arrived","Car-12","Luebeck - Altstadt","Museum","Burgtorbruecke","1580775097297","1580775160892","1580775195483"
"Client-471","Requested","null","Luebeck - Altstadt","Burgtorbruecke","Museum","1580775097165","0","0"
"Client-472","Arrived","Car-1","Luebeck - Altstadt","Holstenbruecke","Museum","1580775097100","1580775117478","1580775134196"
"Client-473","Arrived","Car-13","Hamburg - Grosse Runde","Planetarium Hamburg","Hamburg-Hauptbahnhof","1580775097244","1580775123695","1580775199709"
"Client-474","Arrived","Car-7","Luebeck - Altstadt","Museum","Burgtorbruecke","1580775099542","1580775157815","1580775192854"
"Client-475","Requested","null","Luebeck - Altstadt","Rehderbruecke","Museum","1580775099665","0","0"
"Client-476","Arrived","Car-1","Luebeck - Altstadt","Holstenbruecke","Clemensstrasse","1580775099690","1580775117489","1580775186806"
"Client-477","Seated","Car-0","Luebeck - Altstadt","Museum","Holstenbruecke","1580775099638","1580775232293","0"
"Client-478","Requested","null","Luebeck - Altstadt","Clemensstrasse","Holstenbruecke","1580775099725","0","0"
"Client-479","Arrived","Car-18","Hamburg - Grosse Runde","Hamburg-Hauptbahnhof","Dammtor","1580775099678","1580775109431","1580775211234"
"Client-48","Seated","Car-19","Luebeck - Altstadt","Rehderbruecke","Holstenbruecke","1580774929170","1580775199393","0"
"Client-480","Arrived","Car-24","Luebeck - Altstadt","Museum","Holstenbruecke","1580775102012","1580775159725","1580775227173"
"Client-481","Arrived","Car-15","Luebeck - Altstadt","Burgtorbruecke","Clemensstrasse","1580775102116","1580775188547","1580775205223"
"Client-482","Requested","null","Luebeck - Altstadt","Clemensstrasse","Holstenbruecke","1580775102102","0","0"
"Client-483","Requested","null","Luebeck - Altstadt","Burgtorbruecke","Clemensstrasse","1580775101902","0","0"
"Client-484","Requested","null","Luebeck - Altstadt","Clemensstrasse","Rehderbruecke","1580775102062","0","0"
"Client-485","Arrived","Car-17","Hamburg - Grosse Runde","Mundsburg","Dammtor","1580775102055","1580775124688","1580775205417"
"Client-486","Seated","Car-23","Luebeck - Altstadt","Museum","Holstenbruecke","1580775104384","1580775184596","0"
"Client-487","Seated","Car-19","Luebeck - Altstadt","Museum","Holstenbruecke","1580775104468","1580775183776","0"
"Client-488","Requested","null","Luebeck - Altstadt","Clemensstrasse","Burgtorbruecke","1580775104286","0","0"
"Client-489","Arrived","Car-3","Luebeck - Altstadt","Holstenbruecke","Clemensstrasse","1580775104460","1580775140362","1580775208689"
"Client-49","Arrived","Car-3","Luebeck - Altstadt","Rehderbruecke","Burgtorbruecke","1580774929071","1580775007190","1580775025433"
"Client-490","Arrived","Car-3","Luebeck - Altstadt","Holstenbruecke","Rehderbruecke","1580775104411","1580775140350","1580775174078"
"Client-491","Arrived","Car-17","Hamburg - Grosse Runde","Mundsburg","Strand-Pauli","1580775104430","1580775124668","1580775183930"
"Client-492","Arrived","Car-2","Luebeck - Altstadt","Museum","Holstenbruecke","1580775106911","1580775115984","1580775183847"
"Client-493","Requested","null","Luebeck - Altstadt","Holstenbruecke","Rehderbruecke","1580775106867","0","0"
"Client-494","Arrived","Car-4","Luebeck - Altstadt","Rehderbruecke","Burgtorbruecke","1580775106750","1580775123024","1580775140203"
"Client-495","Arrived","Car-7","Luebeck - Altstadt","Burgtorbruecke","Holstenbruecke","1580775106809","1580775192788","1580775224951"
"Client-496","Requested","null","Luebeck - Altstadt","Rehderbruecke","Museum","1580775106818","0","0"
"Client-497","Arrived","Car-6","Hamburg - Grosse Runde","Hamburg-Hauptbahnhof","Dammtor","1580775106864","1580775116008","1580775219801"
"Client-498","Requested","null","Luebeck - Altstadt","Clemensstrasse","Museum","1580775109075","0","0"
"Client-499","Arrived","Car-1","Luebeck - Altstadt","Museum","Holstenbruecke","1580775109194","1580775134134","1580775202923"
"Client-5","Arrived","Car-16","Hamburg - Grosse Runde","Dammtor","Hamburg-Hauptbahnhof","1580774910525","1580774919193","1580774937105"
"Client-50","Arrived","Car-1","Luebeck - Altstadt","Holstenbruecke","Museum","1580774929174","1580774950907","1580774966851"
"Client-500","Requested","null","Luebeck - Altstadt","Clemensstrasse","Holstenbruecke","1580775109242","0","0"
"Client-501","Requested","null","Luebeck - Altstadt","Burgtorbruecke","Clemensstrasse","1580775109209","0","0"
"Client-502","Requested","null","Luebeck - Altstadt","Rehderbruecke","Clemensstrasse","1580775109353","0","0"
"Client-503","Arrived","Car-10","Hamburg - Grosse Runde","Dammtor","Hamburg-Hauptbahnhof","1580775109201","1580775114763","1580775132773"
"Client-504","Arrived","Car-23","Luebeck - Altstadt","Museum","Burgtorbruecke","1580775111510","1580775184681","1580775218488"
"Client-505","Arrived","Car-19","Luebeck - Altstadt","Museum","Clemensstrasse","1580775111556","1580775183633","1580775233027"
"Client-506","Arrived","Car-4","Luebeck - Altstadt","Burgtorbruecke","Museum","1580775111580","1580775140083","1580775189351"
"Client-507","Requested","null","Luebeck - Altstadt","Clemensstrasse","Museum","1580775111591","0","0"
"Client-508","Seated","Car-20","Luebeck - Altstadt","Burgtorbruecke","Museum","1580775111618","1580775211974","0"
"Client-509","Arrived","Car-13","Hamburg - Grosse Runde","Planetarium Hamburg","Strand-Pauli","1580775111573","1580775123679","1580775158553"
"Client-51","Arrived","Car-4","Luebeck - Altstadt","Rehderbruecke","Holstenbruecke","1580774929150","1580774956306","1580775007306"
"Client-510","Seated","Car-15","Luebeck - Altstadt","Holstenbruecke","Clemensstrasse","1580775114041","1580775221336","0"
"Client-511","Arrived","Car-4","Luebeck - Altstadt","Rehderbruecke","Burgtorbruecke","1580775114022","1580775205104","1580775222498"
"Client-512","Requested","null","Luebeck - Altstadt","Burgtorbruecke","Museum","1580775114092","0","0"
"Client-513","Arrived","Car-0","Luebeck - Altstadt","Burgtorbruecke","Museum","1580775114061","1580775181633","1580775232395"
"Client-514","Arrived","Car-4","Luebeck - Altstadt","Holstenbruecke","Clemensstrasse","1580775113893","1580775172602","1580775239074"
"Client-515","Arrived","Car-8","Hamburg - Grosse Runde","Hamburg-Hauptbahnhof","Mundsburg","1580775114102","1580775124988","1580775146800"
"Client-516","Arrived","Car-12","Luebeck - Altstadt","Rehderbruecke","Burgtorbruecke","1580775116397","1580775177720","1580775195449"
"Client-517","Seated","Car-19","Luebeck - Altstadt","Clemensstrasse","Holstenbruecke","1580775116404","1580775232987","0"
"Client-518","Requested","null","Luebeck - Altstadt","Burgtorbruecke","Holstenbruecke","1580775116437","0","0"
"Client-519","Arrived","Car-4","Luebeck - Altstadt","Burgtorbruecke","Rehderbruecke","1580775116390","1580775140098","1580775205121"
"Client-52","Arrived","Car-4","Luebeck - Altstadt","Museum","Burgtorbruecke","1580774929154","1580774940533","1580774975015"
"Client-520","Arrived","Car-1","Luebeck - Altstadt","Museum","Clemensstrasse","1580775116303","1580775134168","1580775186781"
"Client-521","Arrived","Car-17","Hamburg - Grosse Runde","Planetarium Hamburg","Dammtor","1580775116465","1580775148152","1580775205390"
"Client-522","Requested","null","Luebeck - Altstadt","Clemensstrasse","Rehderbruecke","1580775118853","0","0"
"Client-523","Seated","Car-23","Luebeck - Altstadt","Clemensstrasse","Museum","1580775118832","1580775235972","0"
"Client-524","Arrived","Car-1","Luebeck - Altstadt","Rehderbruecke","Museum","1580775118829","1580775150833","1580775219754"
"Client-525","Seated","Car-4","Luebeck - Altstadt","Clemensstrasse","Rehderbruecke","1580775118814","1580775239007","0"
"Client-526","Requested","null","Luebeck - Altstadt","Burgtorbruecke","Holstenbruecke","1580775118705","0","0"
"Client-527","Arrived","Car-11","Hamburg - Grosse Runde","Strand-Pauli","Planetarium Hamburg","1580775118935","1580775134993","1580775220142"
"Client-528","Requested","null","Luebeck - Altstadt","Clemensstrasse","Rehderbruecke","1580775121260","0","0"
"Client-529","Seated","Car-12","Luebeck - Altstadt","Burgtorbruecke","Rehderbruecke","1580775121194","1580775195416","0"
"Client-53","Arrived","Car-14","Hamburg - Grosse Runde","Mundsburg","Hamburg-Hauptbahnhof","1580774929220","1580774937196","1580775037251"
"Client-530","Requested","null","Luebeck - Altstadt","Holstenbruecke","Rehderbruecke","1580775121175","0","0"
"Client-531","Arrived","Car-4","Luebeck - Altstadt","Burgtorbruecke","Clemensstrasse","1580775121207","1580775140131","1580775157028"
"Client-532","Requested","null","Luebeck - Altstadt","Holstenbruecke","Clemensstrasse","1580775121247","0","0"
"Client-533","Arrived","Car-18","Hamburg - Grosse Runde","Mundsburg","Hamburg-Hauptbahnhof","1580775121093","1580775131060","1580775229821"
"Client-534","Requested","null","Luebeck - Altstadt","Holstenbruecke","Rehderbruecke","1580775123637","0","0"
"Client-535","Arrived","Car-7","Luebeck - Altstadt","Burgtorbruecke","Museum","1580775123594","1580775192823","1580775241589"
"Client-536","Requested","null","Luebeck - Altstadt","Rehderbruecke","Burgtorbruecke","1580775123515","0","0"
"Client-537","Seated","Car-5","Luebeck - Altstadt","Clemensstrasse","Rehderbruecke","1580775123710","1580775226919","0"
"Client-538","Seated","Car-24","Luebeck - Altstadt","Museum","Holstenbruecke","1580775123627","1580775243323","0"
"Client-539","Arrived","Car-18","Hamburg - Grosse Runde","Mundsburg","Hamburg-Hauptbahnhof","1580775123676","1580775131044","1580775229843"
"Client-54","Arrived","Car-1","Luebeck - Altstadt","Holstenbruecke","Rehderbruecke","1580774931631","1580774950863","1580774982724"
"Client-540","Requested","null","Luebeck - Altstadt","Clemensstrasse","Holstenbruecke","1580775125860","0","0"
"Client-541","Arrived","Car-3","Luebeck - Altstadt","Rehderbruecke","Clemensstrasse","1580775126069","1580775173993","1580775208718"
"Client-542","Arrived","Car-0","Luebeck - Altstadt","Burgtorbruecke","Museum","1580775126003","1580775181658","1580775232412"
"Client-543","Arrived","Car-24","Luebeck - Altstadt","Museum","Clemensstrasse","1580775126109","1580775159759","1580775211275"
"Client-544","Arrived","Car-15","Luebeck - Altstadt","Museum","Burgtorbruecke","1580775126032","1580775153914","1580775188625"
"Client-545","Arrived","Car-21","Hamburg - Grosse Runde","Dammtor","Hamburg-Hauptbahnhof","1580775126011","1580775146088","1580775163931"
"Client-546","Requested","null","Luebeck - Altstadt","Clemensstrasse","Burgtorbruecke","1580775128460","0","0"
"Client-547","Arrived","Car-2","Luebeck - Altstadt","Clemensstrasse","Holstenbruecke","1580775128491","1580775167786","1580775183934"
"Client-548","Arrived","Car-4","Luebeck - Altstadt","Holstenbruecke","Museum","1580775128412","1580775172623","1580775189394"
"Client-549","Arrived","Car-12","Luebeck - Altstadt","Museum","Burgtorbruecke","1580775128421","1580775160847","1580775195465"
"Client-55","Requested","null","Luebeck - Altstadt","Rehderbruecke","Museum","1580774931590","0","0"
"Client-550","Arrived","Car-12","Luebeck - Altstadt","Museum","Holstenbruecke","1580775128322","1580775160793","1580775228206"
"Client-551","Arrived","Car-11","Hamburg - Grosse Runde","Strand-Pauli","Hamburg-Hauptbahnhof","1580775128487","1580775135007","1580775175029"
"Client-552","Arrived","Car-23","Luebeck - Altstadt","Burgtorbruecke","Clemensstrasse","1580775130804","1580775218471","1580775236009"
"Client-553","Requested","null","Luebeck - Altstadt","Burgtorbruecke","Museum","1580775130897","0","0"
"Client-554","Requested","null","Luebeck - Altstadt","Clemensstrasse","Holstenbruecke","1580775130921","0","0"
"Client-555","Arrived","Car-15","Luebeck - Altstadt","Museum","Holstenbruecke","1580775130723","1580775153936","1580775221406"
"Client-556","Requested","null","Luebeck - Altstadt","Burgtorbruecke","Clemensstrasse","1580775130883","0","0"
"Client-557","Seated","Car-17","Hamburg - Grosse Runde","Strand-Pauli","Mundsburg","1580775130806","1580775183884","0"
"Client-558","Requested","null","Luebeck - Altstadt","Clemensstrasse","Holstenbruecke","1580775133120","0","0"
"Client-559","Arrived","Car-5","Luebeck - Altstadt","Rehderbruecke","Clemensstrasse","1580775133261","1580775191917","1580775226976"
"Client-56","Arrived","Car-1","Luebeck - Altstadt","Museum","Clemensstrasse","1580774931600","1580774966799","1580775018026"
"Client-560","Requested","null","Luebeck - Altstadt","Holstenbruecke","Burgtorbruecke","1580775133338","0","0"
"Client-561","Requested","null","Luebeck - Altstadt","Holstenbruecke","Burgtorbruecke","1580775133337","0","0"
"Client-562","Requested","null","Luebeck - Altstadt","Clemensstrasse","Rehderbruecke","1580775133198","0","0"
"Client-563","Arrived","Car-17","Hamburg - Grosse Runde","Planetarium Hamburg","Strand-Pauli","1580775133210","1580775148171","1580775183950"
"Client-564","Requested","null","Luebeck - Altstadt","Burgtorbruecke","Clemensstrasse","1580775135637","0","0"
"Client-565","Arrived","Car-19","Luebeck - Altstadt","Museum","Burgtorbruecke","1580775135595","1580775183654","1580775217101"
"Client-566","Requested","null","Luebeck - Altstadt","Rehderbruecke","Clemensstrasse","1580775135499","0","0"
"Client-567","Requested","null","Luebeck - Altstadt","Clemensstrasse","Holstenbruecke","1580775135621","0","0"
"Client-568","Arrived","Car-0","Luebeck - Altstadt","Rehderbruecke","Burgtorbruecke","1580775135664","1580775162782","1580775181680"
"Client-569","Arrived","Car-17","Hamburg - Grosse Runde","Planetarium Hamburg","Dammtor","1580775135604","1580775148116","1580775205403"
"Client-57","Arrived","Car-1","Luebeck - Altstadt","Holstenbruecke","Burgtorbruecke","1580774931584","1580774950919","1580775000649"
"Client-570","Seated","Car-12","Luebeck - Altstadt","Clemensstrasse","Rehderbruecke","1580775138134","1580775212332","0"
"Client-571","Requested","null","Luebeck - Altstadt","Clemensstrasse","Rehderbruecke","1580775138029","0","0"
"Client-572","Requested","null","Luebeck - Altstadt","Holstenbruecke","Museum","1580775138096","0","0"
"Client-573","Seated","Car-20","Luebeck - Altstadt","Clemensstrasse","Holstenbruecke","1580775137927","1580775229231","0"
"Client-574","Requested","null","Luebeck - Altstadt","Rehderbruecke","Clemensstrasse","1580775138009","0","0"
"Client-575","Seated","Car-21","Hamburg - Grosse Runde","Hamburg-Hauptbahnhof","Strand-Pauli","1580775138005","1580775163915","0"
"Client-576","Seated","Car-4","Luebeck - Altstadt","Clemensstrasse","Holstenbruecke","1580775140490","1580775239037","0"
"Client-577","Requested","null","Luebeck - Altstadt","Burgtorbruecke","Clemensstrasse","1580775140428","0","0"
"Client-578","Seated","Car-0","Luebeck - Altstadt","Museum","Burgtorbruecke","1580775140565","1580775232301","0"
"Client-579","Seated","Car-0","Luebeck - Altstadt","Museum","Clemensstrasse","1580775140433","1580775232344","0"
"Client-58","Arrived","Car-2","Luebeck - Altstadt","Museum","Clemensstrasse","1580774931690","1580774949737","1580775001587"
"Client-580","Requested","null","Luebeck - Altstadt","Burgtorbruecke","Holstenbruecke","1580775140319","0","0"
"Client-581","Arrived","Car-13","Hamburg - Grosse Runde","Strand-Pauli","Hamburg-Hauptbahnhof","1580775140531","1580775158541","1580775199670"
"Client-582","Arrived","Car-2","Luebeck - Altstadt","Burgtorbruecke","Holstenbruecke","1580775142864","1580775150394","1580775183890"
"Client-583","Arrived","Car-15","Luebeck - Altstadt","Museum","Holstenbruecke","1580775142778","1580775153891","1580775221387"
"Client-584","Seated","Car-7","Luebeck - Altstadt","Burgtorbruecke","Rehderbruecke","1580775142656","1580775192808","0"
"Client-585","Requested","null","Luebeck - Altstadt","Rehderbruecke","Clemensstrasse","1580775142898","0","0"
"Client-586","Arrived","Car-0","Luebeck - Altstadt","Clemensstrasse","Museum","1580775142808","1580775199137","1580775232384"
"Client-587","Arrived","Car-13","Hamburg - Grosse Runde","Strand-Pauli","Hamburg-Hauptbahnhof","1580775142860","1580775158528","1580775199681"
"Client-588","Seated","Car-19","Luebeck - Altstadt","Clemensstrasse","Rehderbruecke","1580775145434","1580775232965","0"
"Client-589","Arrived","Car-1","Luebeck - Altstadt","Rehderbruecke","Holstenbruecke","1580775145148","1580775150848","1580775202933"
"Client-59","Arrived","Car-16","Hamburg - Grosse Runde","Hamburg-Hauptbahnhof","Dammtor","1580774931422","1580774937091","1580775038855"
"Client-590","Arrived","Car-3","Luebeck - Altstadt","Museum","Burgtorbruecke","1580775145275","1580775157342","1580775191844"
"Client-591","Requested","null","Luebeck - Altstadt","Rehderbruecke","Museum","1580775145339","0","0"
"Client-592","Seated","Car-4","Luebeck - Altstadt","Burgtorbruecke","Museum","1580775145324","1580775222455","0"
"Client-593","Seated","Car-18","Hamburg - Grosse Runde","Planetarium Hamburg","Mundsburg","1580775145391","1580775154780","0"
"Client-594","Requested","null","Luebeck - Altstadt","Rehderbruecke","Holstenbruecke","1580775147601","0","0"
"Client-595","Seated","Car-3","Luebeck - Altstadt","Museum","Holstenbruecke","1580775147631","1580775240783","0"
"Client-596","Arrived","Car-24","Luebeck - Altstadt","Museum","Burgtorbruecke","1580775147646","1580775159747","1580775194454"
"Client-597","Requested","null","Luebeck - Altstadt","Burgtorbruecke","Rehderbruecke","1580775147616","0","0"
"Client-598","Seated","Car-24","Luebeck - Altstadt","Holstenbruecke","Rehderbruecke","1580775147532","1580775227100","0"
"Client-599","Arrived","Car-21","Hamburg - Grosse Runde","Hamburg-Hauptbahnhof","Mundsburg","1580775147674","1580775163902","1580775186408"
"Client-6","Arrived","Car-2","Luebeck - Altstadt","Museum","Rehderbruecke","1580774912244","1580774949764","1580774966472"
"Client-60","Arrived","Car-0","Luebeck - Altstadt","Holstenbruecke","Clemensstrasse","1580774933960","1580774965880","1580775032668"
"Client-600","Arrived","Car-4","Luebeck - Altstadt","Holstenbruecke","Museum","1580775149874","1580775172615","1580775189379"
"Client-601","Seated","Car-20","Luebeck - Altstadt","Burgtorbruecke","Museum","1580775149998","1580775211942","0"
"Client-602","Seated","Car-5","Luebeck - Altstadt","Clemensstrasse","Museum","1580775150110","1580775226941","0"
"Client-603","Seated","Car-15","Luebeck - Altstadt","Holstenbruecke","Rehderbruecke","1580775150089","1580775221353","0"
"Client-604","Arrived","Car-15","Luebeck - Altstadt","Burgtorbruecke","Museum","1580775150008","1580775188520","1580775237775"
"Client-605","Arrived","Car-21","Hamburg - Grosse Runde","Hamburg-Hauptbahnhof","Mundsburg","1580775150081","1580775163884","1580775186394"
"Client-606","Requested","null","Luebeck - Altstadt","Holstenbruecke","Clemensstrasse","1580775152503","0","0"
"Client-607","Seated","Car-24","Luebeck - Altstadt","Museum","Burgtorbruecke","1580775152392","1580775243343","0"
"Client-608","Arrived","Car-1","Luebeck - Altstadt","Holstenbruecke","Rehderbruecke","1580775152554","1580775202862","1580775236191"
"Client-609","Requested","null","Luebeck - Altstadt","Burgtorbruecke","Rehderbruecke","1580775152478","0","0"
"Client-61","Arrived","Car-2","Luebeck - Altstadt","Rehderbruecke","Burgtorbruecke","1580774933948","1580774966433","1580774984709"
"Client-610","Requested","null","Luebeck - Altstadt","Rehderbruecke","Burgtorbruecke","1580775152461","0","0"
"Client-611","Seated","Car-17","Hamburg - Grosse Runde","Dammtor","Mundsburg","1580775152476","1580775205364","0"
"Client-612","Requested","null","Luebeck - Altstadt","Rehderbruecke","Holstenbruecke","1580775154861","0","0"
"Client-613","Requested","null","Luebeck - Altstadt","Holstenbruecke","Rehderbruecke","1580775154717","0","0"
"Client-614","Requested","null","Luebeck - Altstadt","Holstenbruecke","Museum","1580775154960","0","0"
"Client-615","Seated","Car-7","Luebeck - Altstadt","Holstenbruecke","Rehderbruecke","1580775154977","1580775224931","0"
"Client-616","Requested","null","Luebeck - Altstadt","Clemensstrasse","Holstenbruecke","1580775154871","0","0"
"Client-617","Seated","Car-10","Hamburg - Grosse Runde","Planetarium Hamburg","Mundsburg","1580775154948","1580775161876","0"
"Client-618","Requested","null","Luebeck - Altstadt","Burgtorbruecke","Museum","1580775157284","0","0"
"Client-619","Seated","Car-12","Luebeck - Altstadt","Holstenbruecke","Rehderbruecke","1580775157083","1580775228196","0"
"Client-62","Arrived","Car-0","Luebeck - Altstadt","Clemensstrasse","Holstenbruecke","1580774933971","1580774950240","1580774965930"
"Client-620","Requested","null","Luebeck - Altstadt","Burgtorbruecke","Rehderbruecke","1580775157216","0","0"
"Client-621","Requested","null","Luebeck - Altstadt","Holstenbruecke","Burgtorbruecke","1580775157227","0","0"
"Client-622","Arrived","Car-2","Luebeck - Altstadt","Holstenbruecke","Rehderbruecke","1580775157276","1580775183796","1580775216150"
"Client-623","Arrived","Car-9","Hamburg - Grosse Runde","Planetarium Hamburg","Dammtor","1580775157270","1580775170441","1580775227484"
"Client-624","Requested","null","Luebeck - Altstadt","Rehderbruecke","Holstenbruecke","1580775159721","0","0"
"Client-625","Requested","null","Luebeck - Altstadt","Burgtorbruecke","Holstenbruecke","1580775159473","0","0"
"Client-626","Requested","null","Luebeck - Altstadt","Museum","Clemensstrasse","1580775159669","0","0"
"Client-627","Arrived","Car-2","Luebeck - Altstadt","Holstenbruecke","Burgtorbruecke","1580775159731","1580775183824","1580775234735"
"Client-628","Seated","Car-3","Luebeck - Altstadt","Museum","Burgtorbruecke","1580775159609","1580775240769","0"
"Client-629","Seated","Car-21","Hamburg - Grosse Runde","Mundsburg","Strand-Pauli","1580775159661","1580775186385","0"
"Client-63","Arrived","Car-0","Luebeck - Altstadt","Clemensstrasse","Burgtorbruecke","1580774933929","1580774950227","1580775016040"
"Client-630","Requested","null","Luebeck - Altstadt","Rehderbruecke","Holstenbruecke","1580775161952","0","0"
"Client-631","Requested","null","Luebeck - Altstadt","Rehderbruecke","Clemensstrasse","1580775162048","0","0"
"Client-632","Requested","null","Luebeck - Altstadt","Burgtorbruecke","Museum","1580775162093","0","0"
"Client-633","Requested","null","Luebeck - Altstadt","Burgtorbruecke","Rehderbruecke","1580775162042","0","0"
"Client-634","Arrived","Car-20","Luebeck - Altstadt","Museum","Clemensstrasse","1580775162132","1580775177832","1580775229247"
"Client-635","Arrived","Car-11","Hamburg - Grosse Runde","Hamburg-Hauptbahnhof","Mundsburg","1580775162059","1580775175017","1580775196731"
"Client-636","Arrived","Car-5","Luebeck - Altstadt","Clemensstrasse","Holstenbruecke","1580775164471","1580775226930","1580775242478"
"Client-637","Requested","null","Luebeck - Altstadt","Holstenbruecke","Rehderbruecke","1580775164433","0","0"
"Client-638","Seated","Car-2","Luebeck - Altstadt","Holstenbruecke","Clemensstrasse","1580775164373","1580775183834","0"
"Client-639","Seated","Car-5","Luebeck - Altstadt","Burgtorbruecke","Rehderbruecke","1580775164419","1580775209878","0"
"Client-64","Arrived","Car-3","Luebeck - Altstadt","Burgtorbruecke","Holstenbruecke","1580774933821","1580774941587","1580774974111"
"Client-640","Seated","Car-24","Luebeck - Altstadt","Holstenbruecke","Rehderbruecke","1580775164480","1580775227077","0"
"Client-641","Arrived","Car-17","Hamburg - Grosse Runde","Dammtor","Hamburg-Hauptbahnhof","1580775164459","1580775205300","1580775223473"
"Client-642","Seated","Car-20","Luebeck - Altstadt","Museum","Holstenbruecke","1580775166818","1580775177885","0"
"Client-643","Requested","null","Luebeck - Altstadt","Burgtorbruecke","Rehderbruecke","1580775166840","0","0"
"Client-644","Requested","null","Luebeck - Altstadt","Rehderbruecke","Museum","1580775166736","0","0"
"Client-645","Requested","null","Luebeck - Altstadt","Burgtorbruecke","Museum","1580775166835","0","0"
"Client-646","Requested","null","Luebeck - Altstadt","Clemensstrasse","Museum","1580775166864","0","0"
"Client-647","Arrived","Car-13","Hamburg - Grosse Runde","Dammtor","Mundsburg","1580775166937","1580775180716","1580775221283"
"Client-648","Requested","null","Luebeck - Altstadt","Rehderbruecke","Holstenbruecke","1580775169571","0","0"
"Client-649","Arrived","Car-20","Luebeck - Altstadt","Museum","Clemensstrasse","1580775169587","1580775177858","1580775229264"
"Client-65","Arrived","Car-11","Hamburg - Grosse Runde","Hamburg-Hauptbahnhof","Dammtor","1580774933998","1580774941792","1580775043442"
"Client-650","Arrived","Car-0","Luebeck - Altstadt","Burgtorbruecke","Museum","1580775169556","1580775181600","1580775232403"
"Client-651","Seated","Car-4","Luebeck - Altstadt","Clemensstrasse","Museum","1580775169348","1580775239057","0"
"Client-652","Requested","null","Luebeck - Altstadt","Holstenbruecke","Rehderbruecke","1580775169408","0","0"
"Client-653","Arrived","Car-13","Hamburg - Grosse Runde","Dammtor","Hamburg-Hauptbahnhof","1580775169515","1580775180726","1580775199654"
"Client-654","Arrived","Car-3","Luebeck - Altstadt","Clemensstrasse","Holstenbruecke","1580775171808","1580775208651","1580775224245"
"Client-655","Arrived","Car-20","Luebeck - Altstadt","Museum","Burgtorbruecke","1580775171747","1580775177847","1580775212017"
"Client-656","Seated","Car-3","Luebeck - Altstadt","Clemensstrasse","Rehderbruecke","1580775171761","1580775208629","0"
"Client-657","Seated","Car-20","Luebeck - Altstadt","Museum","Holstenbruecke","1580775171789","1580775177808","0"
"Client-658","Requested","null","Luebeck - Altstadt","Holstenbruecke","Burgtorbruecke","1580775171656","0","0"
"Client-659","Arrived","Car-13","Hamburg - Grosse Runde","Dammtor","Mundsburg","1580775171826","1580775180704","1580775221298"
"Client-66","Arrived","Car-3","Luebeck - Altstadt","Clemensstrasse","Museum","1580774936412","1580774958458","1580774990823"
"Client-660","Requested","null","Luebeck - Altstadt","Holstenbruecke","Rehderbruecke","1580775174095","0","0"
"Client-661","Seated","Car-24","Luebeck - Altstadt","Holstenbruecke","Burgtorbruecke","1580775174044","1580775227062","0"
"Client-662","Seated","Car-5","Luebeck - Altstadt","Holstenbruecke","Rehderbruecke","1580775174082","1580775242410","0"
"Client-663","Arrived","Car-19","Luebeck - Altstadt","Museum","Clemensstrasse","1580775174033","1580775183740","1580775233062"
"Client-664","Requested","null","Luebeck - Altstadt","Holstenbruecke","Museum","1580775173965","0","0"
"Client-665","Arrived","Car-17","Hamburg - Grosse Runde","Strand-Pauli","Hamburg-Hauptbahnhof","1580775174113","1580775183862","1580775223485"
"Client-666","Arrived","Car-15","Luebeck - Altstadt","Burgtorbruecke","Holstenbruecke","1580775176524","1580775188535","1580775221395"
"Client-667","Seated","Car-1","Luebeck - Altstadt","Holstenbruecke","Clemensstrasse","1580775176376","1580775202882","0"
"Client-668","Requested","null","Luebeck - Altstadt","Holstenbruecke","Clemensstrasse","1580775176540","0","0"
"Client-669","Seated","Car-2","Luebeck - Altstadt","Holstenbruecke","Clemensstrasse","1580775176578","1580775183767","0"
"Client-67","Arrived","Car-1","Luebeck - Altstadt","Holstenbruecke","Clemensstrasse","1580774936371","1580774950836","1580775017986"
"Client-670","Arrived","Car-23","Luebeck - Altstadt","Museum","Clemensstrasse","1580775176534","1580775184628","1580775236033"
"Client-671","Seated","Car-21","Hamburg - Grosse Runde","Planetarium Hamburg","Dammtor","1580775176486","1580775209738","0"
"Client-672","Arrived","Car-5","Luebeck - Altstadt","Rehderbruecke","Clemensstrasse","1580775178966","1580775191859","1580775226965"
"Client-673","Requested","null","Luebeck - Altstadt","Holstenbruecke","Museum","1580775178789","0","0"
"Client-674","Requested","null","Luebeck - Altstadt","Burgtorbruecke","Rehderbruecke","1580775178836","0","0"
"Client-675","Requested","null","Luebeck - Altstadt","Rehderbruecke","Holstenbruecke","1580775178909","0","0"
"Client-676","Seated","Car-12","Luebeck - Altstadt","Clemensstrasse","Rehderbruecke","1580775178925","1580775212302","0"
"Client-677","Seated","Car-17","Hamburg - Grosse Runde","Dammtor","Planetarium Hamburg","1580775179001","1580775205274","0"
"Client-678","Requested","null","Luebeck - Altstadt","Burgtorbruecke","Museum","1580775181204","0","0"
"Client-679","Arrived","Car-5","Luebeck - Altstadt","Rehderbruecke","Burgtorbruecke","1580775181100","1580775191841","1580775209900"
"Client-68","Arrived","Car-1","Luebeck - Altstadt","Clemensstrasse","Holstenbruecke","1580774936417","1580775101692","1580775117547"
"Client-680","Requested","null","Luebeck - Altstadt","Rehderbruecke","Holstenbruecke","1580775181239","0","0"
"Client-681","Requested","null","Luebeck - Altstadt","Rehderbruecke","Clemensstrasse","1580775181218","0","0"
"Client-682","Arrived","Car-4","Luebeck - Altstadt","Museum","Clemensstrasse","1580775181229","1580775189271","1580775239093"
"Client-683","Arrived","Car-8","Hamburg - Grosse Runde","Strand-Pauli","Dammtor","1580775181286","1580775188918","1580775210628"
"Client-684","Seated","Car-19","Luebeck - Altstadt","Clemensstrasse","Holstenbruecke","1580775183761","1580775233001","0"
"Client-685","Requested","null","Luebeck - Altstadt","Burgtorbruecke","Museum","1580775183802","0","0"
"Client-686","Requested","null","Luebeck - Altstadt","Rehderbruecke","Burgtorbruecke","1580775183667","0","0"
"Client-687","Requested","null","Luebeck - Altstadt","Clemensstrasse","Museum","1580775183573","0","0"
"Client-688","Arrived","Car-1","Luebeck - Altstadt","Holstenbruecke","Museum","1580775183717","1580775202815","1580775219764"
"Client-689","Seated","Car-13","Hamburg - Grosse Runde","Hamburg-Hauptbahnhof","Strand-Pauli","1580775183736","1580775199633","0"
"Client-69","Arrived","Car-0","Luebeck - Altstadt","Clemensstrasse","Holstenbruecke","1580774936242","1580774950270","1580774965967"
"Client-690","Arrived","Car-5","Luebeck - Altstadt","Rehderbruecke","Holstenbruecke","1580775185930","1580775191872","1580775242453"
"Client-691","Requested","null","Luebeck - Altstadt","Holstenbruecke","Museum","1580775186053","0","0"
"Client-692","Requested","null","Luebeck - Altstadt","Rehderbruecke","Clemensstrasse","1580775186100","0","0"
"Client-693","Seated","Car-1","Luebeck - Altstadt","Museum","Holstenbruecke","1580775186031","1580775219727","0"
"Client-694","Seated","Car-0","Luebeck - Altstadt","Museum","Clemensstrasse","1580775186139","1580775232309","0"
"Client-695","Seated","Car-21","Hamburg - Grosse Runde","Planetarium Hamburg","Hamburg-Hauptbahnhof","1580775186032","1580775209714","0"
"Client-696","Requested","null","Luebeck - Altstadt","Burgtorbruecke","Holstenbruecke","1580775188425","0","0"
"Client-697","Seated","Car-1","Luebeck - Altstadt","Rehderbruecke","Holstenbruecke","1580775188475","1580775236175","0"
"Client-698","Requested","null","Luebeck - Altstadt","Rehderbruecke","Holstenbruecke","1580775188287","0","0"
"Client-699","Requested","null","Luebeck - Altstadt","Burgtorbruecke","Museum","1580775188568","0","0"
"Client-7","Arrived","Car-2","Luebeck - Altstadt","Clemensstrasse","Holstenbruecke","1580774912367","1580774918196","1580774933286"
"Client-70","Arrived","Car-3","Luebeck - Altstadt","Burgtorbruecke","Rehderbruecke","1580774936384","1580774941609","1580775007250"
"Client-700","Seated","Car-0","Luebeck - Altstadt","Museum","Burgtorbruecke","1580775188439","1580775232327","0"
"Client-701","Seated","Car-13","Hamburg - Grosse Runde","Hamburg-Hauptbahnhof","Planetarium Hamburg","1580775188442","1580775199644","0"
"Client-702","Seated","Car-2","Luebeck - Altstadt","Museum","Clemensstrasse","1580775190829","1580775199799","0"
"Client-703","Requested","null","Luebeck - Altstadt","Burgtorbruecke","Rehderbruecke","1580775190810","0","0"
"Client-704","Arrived","Car-2","Luebeck - Altstadt","Museum","Burgtorbruecke","1580775190850","1580775199814","1580775234746"
"Client-705","Seated","Car-1","Luebeck - Altstadt","Museum","Burgtorbruecke","1580775190814","1580775219743","0"
"Client-706","Seated","Car-19","Luebeck - Altstadt","Clemensstrasse","Museum","1580775190823","1580775232975","0"
"Client-707","Arrived","Car-10","Hamburg - Grosse Runde","Strand-Pauli","Hamburg-Hauptbahnhof","1580775190699","1580775196691","1580775236122"
"Client-708","Seated","Car-1","Luebeck - Altstadt","Holstenbruecke","Burgtorbruecke","1580775193247","1580775202841","0"
"Client-709","Seated","Car-4","Luebeck - Altstadt","Burgtorbruecke","Rehderbruecke","1580775193320","1580775222483","0"
"Client-71","Arrived","Car-21","Hamburg - Grosse Runde","Mundsburg","Hamburg-Hauptbahnhof","1580774936348","1580774944205","1580775043485"
"Client-710","Arrived","Car-5","Luebeck - Altstadt","Burgtorbruecke","Clemensstrasse","1580775193322","1580775209888","1580775226954"
"Client-711","Seated","Car-23","Luebeck - Altstadt","Burgtorbruecke","Rehderbruecke","1580775193347","1580775218460","0"
"Client-712","Requested","null","Luebeck - Altstadt","Rehderbruecke","Holstenbruecke","1580775193083","0","0"
"Client-713","Seated","Car-17","Hamburg - Grosse Runde","Dammtor","Planetarium Hamburg","1580775193202","1580775205352","0"
"Client-714","Arrived","Car-15","Luebeck - Altstadt","Clemensstrasse","Museum","1580775195719","1580775205209","1580775237747"
"Client-715","Seated","Car-2","Luebeck - Altstadt","Rehderbruecke","Museum","1580775195676","1580775216105","0"
"Client-716","Seated","Car-15","Luebeck - Altstadt","Museum","Burgtorbruecke","1580775195666","1580775237720","0"
"Client-717","Requested","null","Luebeck - Altstadt","Rehderbruecke","Holstenbruecke","1580775195619","0","0"
"Client-718","Requested","null","Luebeck - Altstadt","Clemensstrasse","Rehderbruecke","1580775195554","0","0"
"Client-719","Seated","Car-13","Hamburg - Grosse Runde","Mundsburg","Dammtor","1580775195643","1580775221273","0"
"Client-72","Arrived","Car-2","Luebeck - Altstadt","Museum","Burgtorbruecke","1580774938868","1580774949774","1580774984671"
"Client-720","Seated","Car-4","Luebeck - Altstadt","Clemensstrasse","Rehderbruecke","1580775198029","1580775239022","0"
"Client-721","Requested","null","Luebeck - Altstadt","Rehderbruecke","Holstenbruecke","1580775198013","0","0"
"Client-722","Requested","null","Luebeck - Altstadt","Holstenbruecke","Museum","1580775197877","0","0"
"Client-723","Requested","null","Luebeck - Altstadt","Rehderbruecke","Holstenbruecke","1580775198037","0","0"
"Client-724","Requested","null","Luebeck - Altstadt","Rehderbruecke","Burgtorbruecke","1580775197999","0","0"
"Client-725","Seated","Car-13","Hamburg - Grosse Runde","Mundsburg","Dammtor","1580775197988","1580775221263","0"
"Client-726","Seated","Car-12","Luebeck - Altstadt","Holstenbruecke","Clemensstrasse","1580775200556","1580775228186","0"
"Client-727","Requested","null","Luebeck - Altstadt","Holstenbruecke","Rehderbruecke","1580775200615","0","0"
"Client-728","Requested","null","Luebeck - Altstadt","Clemensstrasse","Holstenbruecke","1580775200476","0","0"
"Client-729","Seated","Car-7","Luebeck - Altstadt","Museum","Rehderbruecke","1580775200354","1580775241567","0"
"Client-73","Arrived","Car-1","Luebeck - Altstadt","Museum","Clemensstrasse","1580774938825","1580774966824","1580775017977"
"Client-730","Seated","Car-24","Luebeck - Altstadt","Clemensstrasse","Rehderbruecke","1580775200541","1580775211249","0"
"Client-731","Requested","null","Hamburg - Grosse Runde","Strand-Pauli","Dammtor","1580775200651","0","0"
"Client-732","Seated","Car-2","Luebeck - Altstadt","Burgtorbruecke","Rehderbruecke","1580775202880","1580775234711","0"
"Client-733","Requested","null","Luebeck - Altstadt","Holstenbruecke","Clemensstrasse","1580775202732","0","0"
"Client-734","Seated","Car-20","Luebeck - Altstadt","Clemensstrasse","Museum","1580775202900","1580775229214","0"
"Client-735","Requested","null","Luebeck - Altstadt","Rehderbruecke","Museum","1580775202959","0","0"
"Client-736","Seated","Car-5","Luebeck - Altstadt","Holstenbruecke","Rehderbruecke","1580775202836","1580775242421","0"
"Client-737","Seated","Car-21","Hamburg - Grosse Runde","Planetarium Hamburg","Hamburg-Hauptbahnhof","1580775202940","1580775209725","0"
"Client-738","Requested","null","Luebeck - Altstadt","Clemensstrasse","Holstenbruecke","1580775205302","0","0"
"Client-739","Requested","null","Luebeck - Altstadt","Rehderbruecke","Clemensstrasse","1580775205264","0","0"
"Client-74","Arrived","Car-12","Luebeck - Altstadt","Burgtorbruecke","Clemensstrasse","1580774938835","1580775195400","1580775212370"
"Client-740","Requested","null","Luebeck - Altstadt","Rehderbruecke","Burgtorbruecke","1580775205234","0","0"
"Client-741","Requested","null","Luebeck - Altstadt","Rehderbruecke","Holstenbruecke","1580775205255","0","0"
"Client-742","Arrived","Car-24","Luebeck - Altstadt","Holstenbruecke","Museum","1580775205243","1580775227115","1580775243367"
"Client-743","Requested","null","Hamburg - Grosse Runde","Strand-Pauli","Dammtor","1580775205151","0","0"
"Client-744","Arrived","Car-2","Luebeck - Altstadt","Rehderbruecke","Burgtorbruecke","1580775207625","1580775216117","1580775234723"
"Client-745","Requested","null","Luebeck - Altstadt","Clemensstrasse","Rehderbruecke","1580775207589","0","0"
"Client-746","Requested","null","Luebeck - Altstadt","Clemensstrasse","Museum","1580775207633","0","0"
"Client-747","Requested","null","Luebeck - Altstadt","Holstenbruecke","Museum","1580775207511","0","0"
"Client-748","Requested","null","Luebeck - Altstadt","Burgtorbruecke","Holstenbruecke","1580775207576","0","0"
"Client-749","Seated","Car-11","Hamburg - Grosse Runde","Planetarium Hamburg","Dammtor","1580775207670","1580775220129","0"
"Client-75","Arrived","Car-3","Luebeck - Altstadt","Museum","Rehderbruecke","1580774938624","1580775074264","1580775090006"
"Client-76","Arrived","Car-19","Luebeck - Altstadt","Museum","Rehderbruecke","1580774938790","1580775183673","1580775199402"
"Client-77","Arrived","Car-9","Hamburg - Grosse Runde","Planetarium Hamburg","Mundsburg","1580774938786","1580774945222","1580775043133"
"Client-78","Seated","Car-23","Luebeck - Altstadt","Museum","Holstenbruecke","1580774941273","1580775184699","0"
"Client-79","Arrived","Car-1","Luebeck - Altstadt","Holstenbruecke","Museum","1580774941076","1580774950882","1580774966836"
"Client-8","Arrived","Car-2","Luebeck - Altstadt","Museum","Burgtorbruecke","1580774912377","1580774949785","1580774984693"
"Client-80","Arrived","Car-3","Luebeck - Altstadt","Clemensstrasse","Museum","1580774941271","1580774958482","1580774990805"
"Client-81","Requested","null","Luebeck - Altstadt","Rehderbruecke","Burgtorbruecke","1580774941188","0","0"
"Client-82","Arrived","Car-4","Luebeck - Altstadt","Burgtorbruecke","Holstenbruecke","1580774941160","1580774974902","1580775007292"
"Client-83","Arrived","Car-16","Hamburg - Grosse Runde","Mundsburg","Hamburg-Hauptbahnhof","1580774941174","1580774958401","1580775057506"
"Client-84","Seated","Car-12","Luebeck - Altstadt","Burgtorbruecke","Museum","1580774943508","1580775195436","0"
"Client-85","Arrived","Car-1","Luebeck - Altstadt","Rehderbruecke","Holstenbruecke","1580774943633","1580775066937","1580775117531"
"Client-86","Arrived","Car-2","Luebeck - Altstadt","Museum","Rehderbruecke","1580774943653","1580774949749","1580774966457"
"Client-87","Arrived","Car-0","Luebeck - Altstadt","Rehderbruecke","Burgtorbruecke","1580774943693","1580774998722","1580775016066"
"Client-88","Arrived","Car-0","Luebeck - Altstadt","Clemensstrasse","Burgtorbruecke","1580774943641","1580774950212","1580775016075"
"Client-89","Arrived","Car-13","Hamburg - Grosse Runde","Hamburg-Hauptbahnhof","Mundsburg","1580774943664","1580774958408","1580774980187"
"Client-9","Arrived","Car-1","Luebeck - Altstadt","Burgtorbruecke","Holstenbruecke","1580774912411","1580774918237","1580774950967"
"Client-90","Arrived","Car-0","Luebeck - Altstadt","Museum","Clemensstrasse","1580774945987","1580775063454","1580775114582"
"Client-91","Arrived","Car-23","Luebeck - Altstadt","Museum","Clemensstrasse","1580774945939","1580775184646","1580775236021"
"Client-92","Requested","null","Luebeck - Altstadt","Holstenbruecke","Burgtorbruecke","1580774946030","0","0"
"Client-93","Arrived","Car-4","Luebeck - Altstadt","Holstenbruecke","Museum","1580774945850","1580775007177","1580775023600"
"Client-94","Arrived","Car-3","Luebeck - Altstadt","Clemensstrasse","Burgtorbruecke","1580774945977","1580774958468","1580775025447"
"Client-95","Arrived","Car-6","Hamburg - Grosse Runde","Strand-Pauli","Dammtor","1580774945952","1580774954058","1580774976375"
"Client-96","Requested","null","Luebeck - Altstadt","Rehderbruecke","Clemensstrasse","1580774948413","0","0"
"Client-97","Requested","null","Luebeck - Altstadt","Clemensstrasse","Museum","1580774948394","0","0"
"Client-98","Arrived","Car-1","Luebeck - Altstadt","Museum","Clemensstrasse","1580774948233","1580774966812","1580775017999"
"Client-99","Requested","null","Luebeck - Altstadt","Holstenbruecke","Burgtorbruecke","1580774948366","0","0"
